lake,database_source,start_sampling,end_sampling,days_sampled,years_sampled,variables,tsi,trophic_status,lake_lat,lake_long,ssr_station,ssr_id,ssr_source,ssr_lat,ssr_long,ssr_lake_distance_km,ssr_start,ssr_end,ssr_years_with_data,ssr_original_resolution
Kyrksjön,VISS,2001,2001,6,1,"chla', 'Depth'",53.94334758,eutrophic,56.53464,15.60111,Vaexjoe / Kronoberg,2106,GEBA,56.93333333,14.73333333,69.22318476,1983,2017,35,month
Experimental lake 114,IISD-ELA,1971,2019,536,49,"chla', 'secchi', 'TP', 'DOC', 'temp', 'PAR'",50.53208283,eutrophic,49.4,-93.45,ELA,MET,ELA,49.664,-93.7327,35.78997048,,,33,day
Experimental lake 224,IISD-ELA,1974,2019,454,46,"chla', 'secchi', 'TP', 'DOC', 'temp', 'PAR'",34.3578906,oligotrophic,49.41,-93.43,ELA,MET,ELA,49.664,-93.7327,35.75054381,,,33,day
Experimental lake 239,IISD-ELA,1969,2019,689,51,"chla', 'secchi', 'TP', 'DOC', 'temp', 'PAR'",40.35195524,mesotrophic,49.41,-93.44,ELA,MET,ELA,49.664,-93.7327,35.31158262,,,33,day
Bergundasjön S. ,VISS,2001,2019,66,19,"chla', 'Depth'",66.36031102,eutrophic,56.84510685,14.7826741,Vaexjoe / Kronoberg,2106,GEBA,56.93333333,14.73333333,10.27471459,1983,2017,35,month
Bergundasjön N.,VISS,2001,2019,78,19,"chla', 'Depth'",70.87371173,hypereutrophic,56.86511159,14.75835261,Vaexjoe / Kronoberg,2106,GEBA,56.93333333,14.73333333,7.748508813,1983,2017,35,month
Experimental lake 442,IISD-ELA,1987,2019,269,33,"chla', 'secchi', 'TP', 'DOC', 'temp', 'PAR'",39.24780878,oligotrophic,49.46,-93.49,ELA,MET,ELA,49.664,-93.7327,28.68931781,,,33,day
Trummen mitt,VISS,2001,2019,72,19,"chla', 'Depth'",60.22837403,eutrophic,56.86145,14.82715,Vaexjoe / Kronoberg,2106,GEBA,56.93333333,14.73333333,9.83677271,1983,2017,35,month
Växjösjön mitt,VISS,1998,2019,78,22,"chla', 'Depth'",60.23527497,eutrophic,56.86292,14.8199,Vaexjoe / Kronoberg,2106,GEBA,56.93333333,14.73333333,9.450425483,1983,2017,35,month
Törn,VISS,2001,2001,6,1,"chla', 'Depth'",49.92021274,mesotrophic,56.56380087,15.53881831,Vaexjoe / Kronoberg,2106,GEBA,56.93333333,14.73333333,64.20101051,1983,2017,35,month
Getasjön,VISS,2001,2008,13,8,"chla', 'Depth'",52.82712036,eutrophic,56.66947,15.56873,Vaexjoe / Kronoberg,2106,GEBA,56.93333333,14.73333333,58.89195954,1983,2017,35,month
Alderfen broad N.,UK Environment Agency,2000,2019,208,20,"lat', 'long', 'chla', 'TP', 'temp'",60.35139228,eutrophic,52.72367117,1.48597392,London Weather C.,1299,GEBA,51.51666667,-0.116666667,173.4469664,1958,2006,49,month
Alderfen inflow,UK Environment Agency,2004,2019,178,16,"lat', 'long', 'chla', 'TP', 'temp'",53.49741509,eutrophic,52.72590286,1.48104117,London Weather C.,1299,GEBA,51.51666667,-0.116666667,173.4242541,1958,2006,49,month
Alton water,UK Environment Agency,2003,2006,40,4,"lat', 'long', 'chla', 'TP', 'temp'",54.37015394,eutrophic,51.9954049,1.11106546,London Weather C.,1299,GEBA,51.51666667,-0.116666667,100.118718,1958,2006,49,month
Anglesey outflow,UK Environment Agency,2004,2019,98,16,"lat', 'long', 'chla', 'TP', 'temp'",54.67658132,eutrophic,52.66283494,-1.94137075,London Weather C.,1299,GEBA,51.51666667,-0.116666667,178.6122211,1958,2006,49,month
Aqualate mere,UK Environment Agency,2004,2019,179,16,"lat', 'long', 'chla', 'TP', 'temp'",63.60603473,eutrophic,52.77794051,-2.3332399,Aberporth,1293,GEBA,52.13333333,-4.566666667,167.906684,1957,2017,61,month
Attenborough,UK Environment Agency,2007,2019,115,13,"lat', 'long', 'chla', 'TP', 'temp'",68.84200876,eutrophic,52.89563574,-1.24036855,London Weather C.,1299,GEBA,51.51666667,-0.116666667,171.5895941,1958,2006,49,month
Alfhildsgrund W.,VISS,1974,1978,13,5,"chla', 'Depth'",34.44695258,oligotrophic,58.735076,12.550109,Karlstad,2101,GEBA,59.36666667,13.46666667,87.84472264,1983,2017,35,month
Allequash lake,North Temperate Lakes LTER,1981,2018,641,38,"chla', 'Depth'",49.56095182,mesotrophic,46.038,-89.701,Madison,480,GEBA,43.13333333,-89.33333333,324.0940343,1950,2006,48,month
Allgunnen,VISS,1995,2008,56,14,"chla', 'Depth'",47.03593176,mesotrophic,57.22255,14.614887,Vaexjoe / Kronoberg,2106,GEBA,56.93333333,14.73333333,32.99882758,1983,2017,35,month
Baptiste lake N.,Alberta Environment and Parks data repository,1983,2017,135,35,"lat', 'long', 'chla', 'secchi', 'TP', 'DOC', 'pH', 'TKN', 'NO2', 'NO3', 'NH4'",65.0169751,eutrophic,54.78333,-113.55,Oliver AGDM,3014921,Climate ID,53.6466,-113.3546,127.1686413,2005,2020,16,day
Baptiste lake S.,Alberta Environment and Parks data repository,1983,2017,135,35,"lat', 'long', 'chla', 'secchi', 'TP', 'DOC', 'pH', 'TKN', 'NO2', 'NO3', 'NH4'",64.56839275,eutrophic,54.75,-113.55,Oliver AGDM,3014921,Climate ID,53.6466,-113.3546,123.4781532,2005,2020,16,day
Barton broad E.,UK Environment Agency,2000,2019,237,20,"lat', 'long', 'chla', 'TP', 'temp'",68.11863065,eutrophic,52.74494493,1.49656534,London Weather C.,1299,GEBA,51.51666667,-0.116666667,175.7247286,1958,2006,49,month
Barton broad inflow,UK Environment Agency,2005,2019,167,15,"lat', 'long', 'chla', 'TP', 'temp'",60.81951481,eutrophic,52.74976938,1.49827107,London Weather C.,1299,GEBA,51.51666667,-0.116666667,176.2120509,1958,2006,49,month
Barton broad outflow,UK Environment Agency,2000,2019,231,20,"lat', 'long', 'chla', 'TP', 'temp'",67.93922465,eutrophic,52.73588475,1.4988032,London Weather C.,1299,GEBA,51.51666667,-0.116666667,175.0457111,1958,2006,49,month
Bassenthwaite -england,UK Environment Agency,2005,2019,162,15,"lat', 'long', 'chla', 'secchi', 'TP', 'temp'",49.63385666,mesotrophic,54.65537097,-3.22131308,Eskdalemuir,1283,GEBA,55.31666667,-3.2,73.63024006,1956,2017,62,month
Betley mere,UK Environment Agency,2006,2008,70,3,"lat', 'long', 'chla', 'TP', 'temp'",72.70166675,hypereutrophic,53.02780749,-2.3762877,Aberporth,1293,GEBA,52.13333333,-4.566666667,178.7409841,1957,2017,61,month
Betley mere inlet,UK Environment Agency,2017,2019,29,3,"lat', 'long', 'chla', 'TP', 'temp'",66.44891555,eutrophic,53.02889045,-2.37777327,Aberporth,1293,GEBA,52.13333333,-4.566666667,178.7230023,1957,2017,61,month
Betley mere jetty,UK Environment Agency,2017,2019,35,3,"lat', 'long', 'chla', 'TP', 'temp'",71.64087758,hypereutrophic,53.02861574,-2.37368543,Aberporth,1293,GEBA,52.13333333,-4.566666667,178.9364148,1957,2017,61,month
Bewl bridge,UK Environment Agency,2011,2012,16,2,"lat', 'long', 'chla', 'TP', 'temp'",55.2986024,eutrophic,51.07585133,0.38730168,London Weather C.,1299,GEBA,51.51666667,-0.116666667,60.33870674,1958,2006,49,month
Big lake E.,Alberta Environment and Parks data repository,1997,1997,6,1,"lat', 'long', 'chla', 'TP', 'DOC', 'pH', 'TKN', 'NH4'",56.99000363,eutrophic,53.61667,-113.67056,Oliver AGDM,3014921,Climate ID,53.6466,-113.3546,21.16556944,2005,2020,16,day
Blagdon lake,UK Environment Agency,2005,2019,159,15,"lat', 'long', 'chla', 'TP', 'temp'",59.00923698,eutrophic,51.33976409,-2.711493,Aberporth,1293,GEBA,52.13333333,-4.566666667,155.6197141,1957,2017,61,month
Blea tarn,UK Environment Agency,2007,2010,38,4,"lat', 'long', 'chla', 'TP', 'temp'",41.08390313,mesotrophic,54.42910304,-3.09162057,Eskdalemuir,1283,GEBA,55.31666667,-3.2,99.04925922,1956,2017,62,month
Belham tarn -england,UK Environment Agency,2010,2019,113,10,"lat', 'long', 'chla', 'TP'",54.34905737,eutrophic,54.39751108,-2.97514997,Eskdalemuir,1283,GEBA,55.31666667,-3.2,103.3349813,1956,2017,62,month
Bowyers water,UK Environment Agency,2007,2019,148,13,"lat', 'long', 'chla', 'TP'",56.32154581,eutrophic,51.69293693,-0.02475717,London Weather C.,1299,GEBA,51.51666667,-0.116666667,20.6196204,1958,2006,49,month
Bromlee lough overflow,UK Environment Agency,2015,2018,47,4,"lat', 'long', 'chla', 'TP'",47.38788208,mesotrophic,55.02129573,-2.33437309,Eskdalemuir,1283,GEBA,55.31666667,-3.2,64.21858286,1956,2017,62,month
Brotherswater,UK Environment Agency,2005,2019,151,15,"lat', 'long', 'chla', 'secchi', 'TP', 'temp'",37.98119325,oligotrophic,54.50492184,-2.9244735,Eskdalemuir,1283,GEBA,55.31666667,-3.2,92.07637664,1956,2017,62,month
Buck lake,Alberta Environment and Parks data repository,1983,1991,19,9,"lat', 'long', 'chla', 'secchi', 'TP', 'DOC', 'pH', 'TKN', 'NO2', 'NH4'",61.76379168,eutrophic,52.98333,-114.76667,EDMONTON STONY PLAIN,301222F,ECCC,53.55,-114.11,76.79114165,1966,2006,40,day
Buffalo lake main,Alberta Environment and Parks data repository,1985,2000,42,16,"lat', 'long', 'chla', 'secchi', 'TP', 'DOC', 'pH', 'TKN', 'NO2', 'NO3', 'NH4'",53.83789191,eutrophic,52.48333,-112.86667,Three Hills AGCM,3026479,Climate ID,51.7673,-113.2058,82.98849995,2005,2020,16,day
Burghfield lake -sailing club,UK Environment Agency,2007,2009,31,3,"lat', 'long', 'chla', 'TP', 'temp'",54.72315562,eutrophic,51.42792782,-1.06560011,London Weather C.,1299,GEBA,51.51666667,-0.116666667,66.66894664,1958,2006,49,month
Burnt fen broad S.,UK Environment Agency,2012,2019,94,8,"lat', 'long', 'chla', 'TP', 'temp'",74.74371264,hypereutrophic,52.71274245,1.45992564,London Weather C.,1299,GEBA,51.51666667,-0.116666667,171.3860085,1958,2006,49,month
Buttermere,UK Environment Agency,2005,2019,177,15,"lat', 'long', 'chla', 'TP', 'temp'",37.93594732,oligotrophic,54.53562619,-3.28001891,Eskdalemuir,1283,GEBA,55.31666667,-3.2,87.09831494,1956,2017,62,month
Bassenthwaite,UK Centre for Ecology and Hydrology,1990,2013,559,24,"chla', 'secchi', 'TP', 'pH', 'NO3', 'NH4', 'temp'",54.89159678,eutrophic,54.653133,-3.25,Eskdalemuir,1283,GEBA,55.31666667,-3.2,73.93603853,1956,2017,62,month
Belhalm tarn,UK Centre for Ecology and Hydrology,1964,2013,1779,50,"chla', 'secchi', 'TP', 'pH', 'NO3', 'NH4', 'temp'",57.71408305,eutrophic,54.396113,-2.977411,Eskdalemuir,1283,GEBA,55.31666667,-3.2,103.468956,1956,2017,62,month
Big Muskellunge lake,North Temperate Lakes LTER,1981,2018,641,38,"chla', 'Depth'",40.24658203,mesotrophic,46.021,-89.612,Madison,480,GEBA,43.13333333,-89.33333333,321.6494515,1950,2006,48,month
Björkesåkrasjön,VISS,1997,2019,84,23,"chla', 'Depth'",58.60585111,eutrophic,55.52861,13.4036,Lund,2102,GEBA,55.71666667,13.21666667,24.02204896,1988,2017,30,month
Björsund,VISS,1996,2000,54,5,"chla', 'Depth'",57.51222271,eutrophic,59.469437,16.697509,Norrkoepping,2103,GEBA,58.58333333,16.25,101.9984908,1988,2010,23,month
Blacken lake,VISS,1967,2019,257,53,"chla', 'Depth'",52.60604885,eutrophic,59.47360756,16.54434132,Norrkoepping,2103,GEBA,58.58333333,16.25,100.602599,1988,2010,23,month
Blanksjön,VISS,2005,2010,46,6,"chla', 'Depth'",39.32073899,oligotrophic,56.21232,15.17849,Vaexjoe / Kronoberg,2106,GEBA,56.93333333,14.73333333,84.82055057,1983,2017,35,month
Brunnsjön,VISS,1996,2019,150,24,"chla', 'Depth'",46.35779966,mesotrophic,60.27183298,15.96991697,Borlaenge,2099,GEBA,60.43333333,15.5,31.57149883,1988,2013,26,month
Bösjön,VISS,1996,2019,152,24,"chla', 'Depth'",34.72282215,oligotrophic,61.32390326,14.29234718,Borlaenge,2099,GEBA,60.43333333,15.5,118.9479003,1988,2013,26,month
Calling lake,Alberta Environment and Parks data repository,1988,1988,6,1,"lat', 'long', 'chla', 'secchi', 'TP', 'DOC', 'pH', 'TKN', 'NH4'",59.55354806,eutrophic,55.25,-113.33333,Oliver AGDM,3014921,Climate ID,53.6466,-113.3546,178.4850959,2005,2020,16,day
Cardinal lake,Alberta Environment and Parks data repository,1993,1994,12,2,"lat', 'long', 'chla', 'secchi', 'TP', 'pH', 'NO2'",76.7235961,hypereutrophic,56.23639,-117.7375,,,,,,,,,,
Carr,UK Environment Agency,2006,2019,111,14,"lat', 'long', 'chla', 'TP', 'temp'",59.43659142,eutrophic,52.81395399,-1.44105107,London Weather C.,1299,GEBA,51.51666667,-0.116666667,170.4307469,1958,2006,49,month
Carsington water,UK Environment Agency,2010,2019,111,10,"lat', 'long', 'chla', 'TP'",43.97901364,mesotrophic,53.04781965,-1.63492433,London Weather C.,1299,GEBA,51.51666667,-0.116666667,199.39762,1958,2006,49,month
Castle water,UK Environment Agency,2006,2010,55,5,"lat', 'long', 'chla', 'TP', 'temp'",56.84814828,eutrophic,50.93018711,0.73946078,London Weather C.,1299,GEBA,51.51666667,-0.116666667,88.5105825,1958,2006,49,month
Chapel mere,UK Environment Agency,2006,2008,56,3,"lat', 'long', 'chla', 'TP', 'temp'",63.78030057,eutrophic,53.06192053,-2.6878557,Aberporth,1293,GEBA,52.13333333,-4.566666667,163.9562249,1957,2017,61,month
Chestermere lake,Alberta Environment and Parks data repository,1983,1999,32,17,"lat', 'long', 'chla', 'secchi', 'TP', 'DOC', 'pH', 'TKN', 'NO2', 'NH4'",47.99147662,mesotrophic,51.03333,-113.81667,Strathmore IMCIN,3036205,Climate ID,51.0387,-113.2897,36.96817337,2005,2020,16,day
Clear lake -alms,Alberta Environment and Parks data repository,2002,2008,30,7,"'lat', 'long', 'chla', 'secchi', 'TP', 'DOC', 'pH', 'TKN', 'NO2', 'NO3', 'NH4'",58.75635839,eutrophic,50.15,-113.41667,Brocket AGDM,3030830,Climate ID,49.6107,-113.7591,64.83718054,2005,2020,16,day
Coal lake,Alberta Environment and Parks data repository,1984,1985,12,2,"'lat', 'long', 'chla', 'TP', 'DOC', 'pH', 'TKN', 'NO2', 'NH4'",67.5863233,eutrophic,53.05556,-113.25278,Oliver AGDM,3014921,Climate ID,53.6466,-113.3546,66.12704442,2005,2020,16,day
Cockshoot broad,UK Environment Agency,2000,2019,208,20,"lat', 'long', 'chla', 'TP', 'temp'",61.98504528,eutrophic,52.68641744,1.46820309,London Weather C.,1299,GEBA,51.51666667,-0.116666667,169.5046238,1958,2006,49,month
Cole mere,UK Environment Agency,2013,2019,78,7,"lat', 'long', 'chla', 'TP'",65.66024292,eutrophic,52.89519873,-2.85075988,Aberporth,1293,GEBA,52.13333333,-4.566666667,144.067265,1957,2017,61,month
Colliford lake,UK Environment Agency,2008,2019,119,12,"lat', 'long', 'chla', 'TP'",66.13321733,eutrophic,50.51038732,-4.57269488,Camborne,1303,GEBA,50.21666667,-5.316666667,62.20675539,1964,2017,37,month
Comber mere,UK Environment Agency,2005,2019,134,15,"lat', 'long', 'chla', 'TP', 'temp'",62.48685476,eutrophic,52.99507083,-2.60067719,Aberporth,1293,GEBA,52.13333333,-4.566666667,164.211542,1957,2017,61,month
Coniston water,UK Environment Agency,2005,2019,167,15,"lat', 'long', 'chla', 'secchi', 'TP', 'temp'",42.81869017,mesotrophic,54.35302557,-3.06621393,Eskdalemuir,1283,GEBA,55.31666667,-3.2,107.616838,1956,2017,62,month
Coniston water -stillwater,UK Environment Agency,2005,2006,22,2,"lat', 'long', 'chla', 'TP', 'temp'",44.67711745,mesotrophic,54.30040529,-3.09309668,Eskdalemuir,1283,GEBA,55.31666667,-3.2,113.3387976,1956,2017,62,month
Cotswold lake 12,UK Environment Agency,2011,2019,108,9,"lat', 'long', 'chla', 'TP'",47.70865157,mesotrophic,51.66994252,-1.90884481,London Weather C.,1299,GEBA,51.51666667,-0.116666667,125.3575422,1958,2006,49,month
Cotswold lake 12 outflow,UK Environment Agency,2004,2007,39,4,"lat', 'long', 'chla', 'TP', 'temp'",47.13425307,mesotrophic,51.66760304,-1.90668055,London Weather C.,1299,GEBA,51.51666667,-0.116666667,125.1769468,1958,2006,49,month
Crag lough,UK Environment Agency,2015,2019,56,5,"lat', 'long', 'chla', 'TP'",52.7403367,eutrophic,55.00621098,-2.36160848,Eskdalemuir,1283,GEBA,55.31666667,-3.2,63.63884884,1956,2017,62,month
Cromes broad,UK Environment Agency,2001,2005,49,5,"lat', 'long', 'chla', 'TP', 'temp'",65.7332768,eutrophic,52.72194422,1.51398058,London Weather C.,1299,GEBA,51.51666667,-0.116666667,174.5206397,1958,2006,49,month
Cromes broad -edge,UK Environment Agency,2006,2019,155,14,"lat', 'long', 'chla', 'TP', 'temp'",60.64212997,eutrophic,52.72281242,1.51351716,London Weather C.,1299,GEBA,51.51666667,-0.116666667,174.5738908,1958,2006,49,month
Crose mere S.,UK Environment Agency,2004,2019,182,16,"lat', 'long', 'chla', 'TP', 'temp'",64.11957149,eutrophic,52.87057427,-2.84847968,Aberporth,1293,GEBA,52.13333333,-4.566666667,142.625438,1957,2017,61,month
Central long lake,Environmental Data Initiative,1992,1995,49,4,"chla', 'Depth'",56.15345677,eutrophic,45.612623,-79.009359,,,,,,,,,,
Clear lake,North Temperate Lakes LTER,1980,2017,216,38,"chla', 'Depth'",47.67074346,mesotrophic,50.678742,-100.007413,,,,,,,,,,
Constance untersee -rhein river,LUBW data and map service,1998,2019,538,22,"chla', 'Ost', 'Nord'",42.21644755,mesotrophic,47.651781,8.894522,Zuerich-Kloten,1572,GEBA,47.48333333,8.533333333,33.00617262,1959,2017,48,month
Crystal lake,North Temperate Lakes LTER,1981,2018,663,38,"chla', 'Depth'",37.65703383,oligotrophic,46.003,-89.612,Madison,480,GEBA,43.13333333,-89.33333333,319.6537359,1950,2006,48,month
Crystal bog,North Temperate Lakes LTER,1981,2018,633,38,"chla', 'Depth'",66.68300691,eutrophic,46.008,-89.606,Madison,480,GEBA,43.13333333,-89.33333333,320.1755277,1950,2006,48,month
Derwentwater -england,UK Environment Agency,2007,2019,149,13,"lat', 'long', 'chla', 'TP', 'temp'",43.96636183,mesotrophic,54.57877631,-3.14636513,Eskdalemuir,1283,GEBA,55.31666667,-3.2,82.21570167,1956,2017,62,month
Draycote water,UK Environment Agency,2008,2008,7,1,"lat', 'long', 'chla', 'TP'",65.34493183,eutrophic,52.31958813,-1.3195075,London Weather C.,1299,GEBA,51.51666667,-0.116666667,121.7764966,1958,2006,49,month
Driedmeat lake -site 2,Alberta Environment and Parks data repository,1984,1999,13,16,"'lat', 'long', 'chla', 'secchi', 'TP', 'DOC', 'pH', 'TKN', 'NO2', 'NH4'",68.59062076,eutrophic,52.89167,-112.7875,Oliver AGDM,3014921,Climate ID,53.6466,-113.3546,92.1429985,2005,2020,16,day
Derwentwater,UK Centre for Ecology and Hydrology,1990,2013,566,24,"chla', 'secchi', 'TP', 'pH', 'NO3', 'NH4', 'temp'",46.86655714,mesotrophic,54.575284,-3.146121,Eskdalemuir,1283,GEBA,55.31666667,-3.2,82.60477095,1956,2017,62,month
Eagle lake,Alberta Environment and Parks data repository,1988,1988,11,1,"'lat', 'long', 'chla', 'secchi', 'TP', 'DOC', 'pH', 'TKN', 'NO2', 'NO3', 'NH4'",65.28497465,eutrophic,51,-113.31667,Strathmore IMCIN,3036205,Climate ID,51.0387,-113.2897,4.702886969,2005,2020,16,day
Elterwater -stillwater,UK Environment Agency,2005,2006,23,2,"lat', 'long', 'chla', 'TP', 'temp'",41.54932315,mesotrophic,54.4273977,-3.02251889,Eskdalemuir,1283,GEBA,55.31666667,-3.2,99.64790136,1956,2017,62,month
Elterwater -inner basin,UK Environment Agency,2005,2019,147,15,"lat', 'long', 'chla', 'secchi', 'TP', 'temp'",59.42339288,eutrophic,54.42923891,-3.03532836,Eskdalemuir,1283,GEBA,55.31666667,-3.2,99.35342416,1956,2017,62,month
Elterwater -outer basin,UK Environment Agency,2005,2019,148,15,"lat', 'long', 'chla', 'secchi', 'TP', 'temp'",42.94738519,mesotrophic,54.42797884,-3.02499967,Eskdalemuir,1283,GEBA,55.31666667,-3.2,99.56553494,1956,2017,62,month
Elterwater -middle basin,UK Environment Agency,2005,2019,142,15,"lat', 'long', 'chla', 'secchi', 'TP', 'temp'",53.08592719,eutrophic,54.42874614,-3.02988992,Eskdalemuir,1283,GEBA,55.31666667,-3.2,99.4456995,1956,2017,62,month
Ennerdale water -bowness knott,UK Environment Agency,2007,2019,148,13,"lat', 'long', 'chla', 'TP', 'temp'",35.41165799,oligotrophic,54.51990416,-3.37287414,Eskdalemuir,1283,GEBA,55.31666667,-3.2,89.38717607,1956,2017,62,month
Esthwaite water -lakes tour,UK Environment Agency,2013,2014,13,2,"lat', 'long', 'chla', 'TP'",53.75285615,eutrophic,54.36267928,-2.98797503,Eskdalemuir,1283,GEBA,55.31666667,-3.2,107.0684037,1956,2017,62,month
Ethel Lake -cold lake,Alberta Environment and Parks data repository,1980,2017,168,38,"'lat', 'long', 'chla', 'secchi', 'TP', 'DOC', 'pH', 'TKN', 'NO2', 'NO3', 'NH4'",50.54059637,eutrophic,54.52972,-110.35444,,,,,,,,,,
East long lake,Environmental Data Initiative,1989,2006,173,18,"chla', 'Depth', 'DIC'",60.27541829,eutrophic,46.24,-89.5,,,,,,,,,,
Ekoln Vreta Udd,VISS,1966,2019,279,54,"chla', 'Depth'",54.69847104,eutrophic,59.75805,17.59437,Stockholm,1414,GEBA,59.35,17.95,49.70825978,1922,2017,96,month
Ekoln special,VISS,1967,1969,79,3,"chla', 'Depth'",54.96139979,eutrophic,59.78748,17.61614,Stockholm,1414,GEBA,59.35,17.95,52.26323437,1922,2017,96,month
Lake erie -cruise,Open Canada,2000,2017,120,18,"lat', 'long', 'chla', 'secchi', 'TP', 'pH', 'TKN', 'Depth', 'temp', 'Depth_to', 'POC', 'SRP'",41.23244325,mesotrophic,42.79139,-79.20778,Rock Springs,PSU,BSRN,40.72,-77.9333,253.3001923,1998,,22,day
Esthwaite water,UK Centre for Ecology and Hydrology,1964,2013,1827,50,"chla', 'secchi', 'TP', 'pH', 'NO3', 'NH4', 'temp'",60.25868843,eutrophic,54.362352,-2.986212,Eskdalemuir,1283,GEBA,55.31666667,-3.2,107.1190084,1956,2017,62,month
Figure eight lake,Alberta Environment and Parks data repository,1989,1989,6,1,"'lat', 'long', 'chla', 'secchi', 'TP', 'DOC', 'pH', 'TKN', 'NO2', 'NH4'",66.25455548,eutrophic,56.30083,-117.9025,,,,,,,,,,
Filby broad,UK Environment Agency,2000,2019,284,20,"lat', 'long', 'chla', 'TP', 'temp'",61.99618434,eutrophic,52.6624372,1.63790028,Oostende / Airpt.,2415,GEBA,51.2,2.866666667,183.3537124,1975,2008,30,month
Fonthill lake -outlet,UK Environment Agency,2004,2019,107,16,"lat', 'long', 'chla', 'TP', 'temp'",63.27968818,eutrophic,51.07851513,-2.09030339,London Weather C.,1299,GEBA,51.51666667,-0.116666667,146.0268758,1958,2006,49,month
Fordwich lake,UK Environment Agency,2007,2009,35,3,"lat', 'long', 'chla', 'TP', 'temp'",73.38877769,hypereutrophic,51.29624643,1.13420922,London Weather C.,1299,GEBA,51.51666667,-0.116666667,90.4265539,1958,2006,49,month
Fork lake,Alberta Environment and Parks data repository,2005,2005,6,1,"'lat', 'long', 'chla', 'secchi', 'TP', 'DOC', 'pH', 'TKN', 'NO2', 'NH4'",60.10192113,eutrophic,54.48917,-111.58556,Oliver AGDM,3014921,Climate ID,53.6466,-113.3546,149.0189396,2005,2020,16,day
Fritton lake -country park,UK Environment Agency,2007,2009,34,3,"lat', 'long', 'chla', 'TP'",69.49944535,eutrophic,52.54180596,1.65263327,Oostende / Airpt.,2415,GEBA,51.2,2.866666667,171.1111626,1975,2008,30,month
Fritton lakes -lound mill,UK Environment Agency,2010,2019,110,10,"lat', 'long', 'chla', 'TP', 'temp'",69.69412361,eutrophic,52.5467897,1.68940203,Oostende / Airpt.,2415,GEBA,51.2,2.866666667,170.3737668,1975,2008,30,month
Fiolen,VISS,1996,2019,158,24,"chla', 'Depth'",47.12515984,mesotrophic,57.09199267,14.52958202,Vaexjoe / Kronoberg,2106,GEBA,56.93333333,14.73333333,21.57286779,1983,2017,35,month
Fish lake,North Temperate Lakes LTER,1999,2018,245,20,"chla', 'Depth'",54.20553398,eutrophic,43.287,-89.652,Madison,480,GEBA,43.13333333,-89.33333333,31.01663368,1950,2006,48,month
Fjällfotasjön,VISS,2015,2017,18,3,"chla', 'Depth'",71.26143801,hypereutrophic,55.52145464,13.30188816,Lund,2102,GEBA,55.71666667,13.21666667,22.38733824,1988,2017,30,month
Funbosjön,VISS,2018,2018,7,1,"chla', 'Depth'",64.65128251,eutrophic,59.85957,17.85953,Stockholm,1414,GEBA,59.35,17.95,56.99827764,1922,2017,96,month
Goose lake,Alberta Environment and Parks data repository,1988,1995,51,8,"'lat', 'long', 'chla', 'secchi', 'TP', 'DOC', 'pH', 'TKN', 'NO2', 'NH4'",63.33211047,eutrophic,54.3175,-115.11417,EDMONTON STONY PLAIN,301222F,ECCC,53.55,-114.11,107.9209359,1966,2006,40,day
Grasmere -england,UK Environment Agency,2005,2009,65,5,"lat', 'long', 'chla', 'secchi', 'TP', 'temp'",47.52268382,mesotrophic,54.45044268,-3.02556075,Eskdalemuir,1283,GEBA,55.31666667,-3.2,97.07687487,1956,2017,62,month
Grasmere -stillwater,UK Environment Agency,2007,2019,151,13,"lat', 'long', 'chla', 'TP', 'temp'",50.69666481,eutrophic,54.44890012,-3.01879805,Eskdalemuir,1283,GEBA,55.31666667,-3.2,97.29837965,1956,2017,62,month
Great lake,UK Environment Agency,2007,2019,116,13,"lat', 'long', 'chla', 'TP', 'temp'",69.71061149,eutrophic,53.24999584,-1.13519478,London Weather C.,1299,GEBA,51.51666667,-0.116666667,204.9592215,1958,2006,49,month
Great puckstone lake,UK Environment Agency,2007,2019,149,13,"lat', 'long', 'chla', 'TP', 'temp'",63.51141217,eutrophic,51.30545414,1.1697068,London Weather C.,1299,GEBA,51.51666667,-0.116666667,92.53224264,1958,2006,49,month
Greatstone lake,UK Environment Agency,2006,2019,159,14,"lat', 'long', 'chla', 'TP', 'temp'",63.85530432,eutrophic,50.95787701,0.95756507,London Weather C.,1299,GEBA,51.51666667,-0.116666667,97.43136592,1958,2006,49,month
Greenlee lough,UK Environment Agency,2014,2018,60,5,"lat', 'long', 'chla', 'TP'",51.66496273,eutrophic,55.01859829,-2.36609898,Eskdalemuir,1283,GEBA,55.31666667,-3.2,62.65066718,1956,2017,62,month
Gregoire lake,Alberta Environment and Parks data repository,1993,2005,20,13,"'lat', 'long', 'chla', 'secchi', 'TP', 'pH', 'TKN', 'NO2', 'NH4'",51.47211201,eutrophic,56.44444,-111.09722,,,,,,,,,,
Galten,VISS,1966,2019,263,54,"chla', 'Depth'",60.29448583,eutrophic,59.45339,16.1513,Norrkoepping,2103,GEBA,58.58333333,16.25,97.08600949,1988,2010,23,month
Galten W.,VISS,1970,1973,24,4,"chla', 'Depth'",61.36104635,eutrophic,59.46926,16.08846,Norrkoepping,2103,GEBA,58.58333333,16.25,99.12334573,1988,2010,23,month
Garnsviken,VISS,2010,2010,10,1,"chla', 'Depth'",50.18134794,eutrophic,59.51412053,18.26232322,Stockholm,1414,GEBA,59.35,17.95,25.46515829,1922,2017,96,month
Geten,VISS,2007,2019,71,13,"chla', 'Depth'",55.7174121,eutrophic,58.56099,15.72167,Norrkoepping,2103,GEBA,58.58333333,16.25,30.84225945,1988,2010,23,month
Giles lake,Environmental Data Initiative,1989,2019,150,31,"chla', 'secchi', 'TP', 'DOC', 'NO3', 'NH4', 'temp', 'PAR', 'SRP'",33.9405354,oligotrophic,41.376118,-75.092733,Rock Springs,PSU,BSRN,40.72,-77.9333,249.6722886,1998,,22,day
Glan,VISS,1994,2008,67,15,"chla', 'Depth'",51.55815415,eutrophic,58.20011,15.9591,Norrkoepping,2103,GEBA,58.58333333,16.25,45.95074383,1988,2010,23,month
Granfj. Djurgårds Udde,VISS,1967,2019,266,53,"chla', 'Depth'",53.3941796,eutrophic,59.49445322,16.81083327,Norrkoepping,2103,GEBA,58.58333333,16.25,106.4786377,1988,2010,23,month
Grasmere,UK Centre for Ecology and Hydrology,1971,2013,1163,43,"chla', 'secchi', 'TP', 'pH', 'NO3', 'NH4', 'temp'",52.77241068,eutrophic,54.449043,-3.019983,Eskdalemuir,1283,GEBA,55.31666667,-3.2,97.27352588,1956,2017,62,month
Green valley lake,KNB,2000,2019,115,20,"chla', 'secchi', 'NO3', 'Depth', 'temp', 'PAR'",44.50773331,mesotrophic,40.055807,-105.617178,Boulder  (BSRN),2353,GEBA,40.05,-105.9833333,31.24990078,1992,2015,24,month
Grönskogssjön,VISS,1992,1998,26,7,"chla', 'Depth'",48.35785143,mesotrophic,57.16269,16.34729,Norrkoepping,2103,GEBA,58.58333333,16.25,158.3299447,1988,2010,23,month
Grönsöfjärden Selaön,VISS,1967,1968,12,2,"chla', 'Depth'",51.92334633,eutrophic,59.46640636,17.26904545,Stockholm,1414,GEBA,59.35,17.95,40.78987484,1922,2017,96,month
Gyltigesjön,VISS,1996,2009,100,14,"chla', 'Depth'",42.62541328,mesotrophic,56.75317,13.174,Lund,2102,GEBA,55.71666667,13.21666667,115.4409027,1988,2017,30,month
Gyslättasjön,VISS,1996,2010,119,15,"chla', 'Depth'",52.18130023,eutrophic,57.10804,14.44848,Vaexjoe / Kronoberg,2106,GEBA,56.93333333,14.73333333,26.03561279,1983,2017,35,month
Gåsen,VISS,2019,2019,6,1,"chla', 'Depth'",50.75095383,eutrophic,58.2197949,16.67385698,Norrkoepping,2103,GEBA,58.58333333,16.25,47.47433377,1988,2010,23,month
Görväln S.,VISS,1967,2019,269,53,"chla', 'Depth'",51.39610567,eutrophic,59.41945395,17.73998218,Stockholm,1414,GEBA,59.35,17.95,14.22432194,1922,2017,96,month
Half moon lake,Alberta Environment and Parks data repository,1989,1989,10,1,"'lat', 'long', 'chla', 'secchi', 'TP', 'DOC', 'pH', 'TKN', 'NO2', 'NH4'",67.82051305,eutrophic,53.46083,-113.0908,Oliver AGDM,3014921,Climate ID,53.6466,-113.3546,27.07667485,2005,2020,16,day
Hardley flood,UK Environment Agency,2007,2009,34,3,"lat', 'long', 'chla', 'TP'",77.00092023,hypereutrophic,52.54160417,1.50776612,Oostende / Airpt.,2415,GEBA,51.2,2.866666667,176.1816663,1975,2008,30,month
Hatch mere,UK Environment Agency,2006,2014,104,9,"lat', 'long', 'chla', 'secchi', 'TP', 'temp'",67.00406391,eutrophic,53.2444923,-2.67129862,Eskdalemuir,1283,GEBA,55.31666667,-3.2,233.2087093,1956,2017,62,month
Haunted lake,Alberta Environment and Parks data repository,1997,1997,6,1,"'lat', 'long', 'chla', 'secchi', 'TP', 'pH', 'TKN', 'NO2', 'NH4'",49.35680434,mesotrophic,52.40444,-113.15917,Three Hills AGCM,3026479,Climate ID,51.7673,-113.2058,70.96593267,2005,2020,16,day
Hawes water -stillwater,UK Environment Agency,2005,2019,170,15,"lat', 'long', 'chla', 'TP', 'temp'",47.5091983,mesotrophic,54.18094365,-2.80143548,Eskdalemuir,1283,GEBA,55.31666667,-3.2,129.0055263,1956,2017,62,month
Heigham sound,UK Environment Agency,2000,2019,251,20,"lat', 'long', 'chla', 'TP', 'temp'",68.05042641,eutrophic,52.72641329,1.60470955,Oostende / Airpt.,2415,GEBA,51.2,2.866666667,190.6992611,1975,2008,30,month
Hickling broad,UK Environment Agency,2000,2019,257,20,"lat', 'long', 'chla', 'TP', 'temp'",69.09778888,eutrophic,52.7397361,1.58061683,Oostende / Airpt.,2415,GEBA,51.2,2.866666667,192.76812,1975,2008,30,month
Horsey mere,UK Environment Agency,2000,2019,231,20,"lat', 'long', 'chla', 'TP', 'temp'",63.93346039,eutrophic,52.74103375,1.62666484,Oostende / Airpt.,2415,GEBA,51.2,2.866666667,191.4671743,1975,2008,30,month
Hoveton great broad,UK Environment Agency,2014,2019,60,6,"lat', 'long', 'chla', 'TP'",68.98381028,eutrophic,52.69659458,1.42755938,London Weather C.,1299,GEBA,51.51666667,-0.116666667,168.6070817,1958,2006,49,month
Hoveton great broad -edge,UK Environment Agency,2007,2013,51,7,"lat', 'long', 'chla', 'TP', 'temp'",69.33503118,eutrophic,52.69176927,1.42553814,London Weather C.,1299,GEBA,51.51666667,-0.116666667,168.1058854,1958,2006,49,month
Hoveton little broad,UK Environment Agency,2000,2003,35,4,"lat', 'long', 'chla', 'TP', 'temp'",65.0234639,eutrophic,52.70513982,1.44303624,London Weather C.,1299,GEBA,51.51666667,-0.116666667,170.0063825,1958,2006,49,month
Hoveton little broad E.,UK Environment Agency,2000,2019,64,20,"lat', 'long', 'chla', 'TP', 'temp'",71.13970701,hypereutrophic,52.7059083,1.44753888,London Weather C.,1299,GEBA,51.51666667,-0.116666667,170.2662369,1958,2006,49,month
Hudson's bay E.,UK Environment Agency,2014,2019,60,6,"lat', 'long', 'chla', 'TP'",68.18878328,eutrophic,52.69828755,1.42406504,London Weather C.,1299,GEBA,51.51666667,-0.116666667,168.6025922,1958,2006,49,month
Hagsjön,VISS,2006,2010,38,5,"chla', 'Depth'",44.21244709,mesotrophic,58.76223,15.93372,Norrkoepping,2103,GEBA,58.58333333,16.25,27.08928775,1988,2010,23,month
Havgårdssjön,VISS,2015,2019,42,5,"chla', 'Depth'",57.72877248,eutrophic,55.48797,13.35687,Lund,2102,GEBA,55.71666667,13.21666667,26.95185578,1988,2017,30,month
Hemfjärden,VISS,1968,1986,72,19,"chla', 'Depth'",73.96049424,hypereutrophic,59.28158192,15.33852571,Norrkoepping,2103,GEBA,58.58333333,16.25,93.83311882,1988,2010,23,month
Hjulstabron W.,VISS,1980,2000,236,21,"chla', 'Depth'",51.6313597,eutrophic,59.53229,17.008992,Stockholm,1414,GEBA,59.35,17.95,57.12231157,1922,2017,96,month
Hulingen,VISS,1992,1998,26,7,"chla', 'Depth'",48.73334171,mesotrophic,57.47814288,15.85610411,Norrkoepping,2103,GEBA,58.58333333,16.25,125.27412,1988,2010,23,month
Lake huron,Open Canada,2000,2018,129,19,"lat', 'long', 'chla', 'secchi', 'TP', 'pH', 'TKN', 'Depth', 'temp', 'Depth_to', 'POC', 'SRP'",31.04467596,oligotrophic,43.08972,-82.39167,,,,,,,,,,
Häckebergasjön,VISS,1993,2019,108,27,"chla', 'Depth'",69.11154143,eutrophic,55.58212,13.42675,Lund,2102,GEBA,55.71666667,13.21666667,19.9830853,1988,2017,30,month
Iosegun lake,Alberta Environment and Parks data repository,1983,1983,7,1,"'lat', 'long', 'chla', 'TP', 'DOC', 'pH', 'TKN', 'NO2', 'NH4'",63.69099151,eutrophic,54.46667,-116.83333,EDMONTON STONY PLAIN,301222F,ECCC,53.55,-114.11,205.624242,1966,2006,40,day
Isle lake,Alberta Environment and Parks data repository,1983,1997,29,15,"'lat', 'long', 'chla', 'secchi', 'TP', 'DOC', 'pH', 'TKN', 'NO2', 'NH4'",66.31671518,eutrophic,53.63333,-114.73333,EDMONTON STONY PLAIN,301222F,ECCC,53.55,-114.11,42.30332225,1966,2006,40,day
Ivösjön,VISS,2000,2018,85,19,"chla', 'Depth'",43.40663158,mesotrophic,56.10801129,14.4382564,Vaexjoe / Kronoberg,2106,GEBA,56.93333333,14.73333333,93.6779299,1983,2017,35,month
Jackfish lake,Alberta Environment and Parks data repository,1980,1996,34,17,"'lat', 'long', 'chla', 'secchi', 'TP', 'DOC', 'pH', 'TKN', 'NO2', 'NO3', 'NH4'",54.97212423,eutrophic,53.47917,-114.25556,EDMONTON STONY PLAIN,301222F,ECCC,53.55,-114.11,12.46513474,1966,2006,40,day
Kolsundet W.,VISS,1967,1968,12,2,"chla', 'Depth'",53.14345816,eutrophic,59.35521969,17.29846349,Stockholm,1414,GEBA,59.35,17.95,37.06809115,1922,2017,96,month
Kolsundet SE.,VISS,2001,2003,12,3,"chla', 'Depth'",46.46999718,mesotrophic,59.35471,17.29511,Stockholm,1414,GEBA,59.35,17.95,37.25827033,1922,2017,96,month
Krageholmssjön,VISS,1996,2019,21,24,"chla', 'Depth'",66.0041482,eutrophic,55.49630941,13.76198567,Lund,2102,GEBA,55.71666667,13.21666667,42.22664654,1988,2017,30,month
Kvicksundsbron,VISS,1980,2000,243,21,"chla', 'Depth'",55.75399654,eutrophic,59.449859,16.314316,Norrkoepping,2103,GEBA,58.58333333,16.25,96.59765244,1988,2010,23,month
Kyrkfjärden,VISS,1967,1968,12,2,"chla', 'Depth'",52.31147404,eutrophic,59.43482663,18.18965389,Stockholm,1414,GEBA,59.35,17.95,16.57483884,1922,2017,96,month
Källsjön,VISS,1997,2019,146,23,"chla', 'Depth'",38.71517462,oligotrophic,61.63359305,16.73575758,Borlaenge,2099,GEBA,60.43333333,15.5,149.4893146,1988,2013,26,month
Kållen,VISS,1989,2008,42,20,"chla', 'Depth'",60.26108307,eutrophic,57.16651,15.39448,Vaexjoe / Kronoberg,2106,GEBA,56.93333333,14.73333333,47.79432255,1983,2017,35,month
Kånkåstjärnen,VISS,2006,2010,38,5,"chla', 'Depth'",36.53680018,oligotrophic,62.607965,16.895842,Oestersund,2104,GEBA,63.18333333,14.5,137.6726834,1983,2013,31,month
Ullevifjärden S.,VISS,1965,1974,38,10,"chla', 'Depth'",54.12569924,eutrophic,59.596143,17.523144,Stockholm,1414,GEBA,59.35,17.95,36.57006272,1922,2017,96,month
Lac la biche E.,Alberta Environment and Parks data repository,1989,1989,6,1,"'lat', 'long', 'chla', 'secchi', 'TP', 'DOC', 'pH', 'TKN', 'NO2', 'NH4'",63.756429,eutrophic,54.66667,-112.03333,Oliver AGDM,3014921,Climate ID,53.6466,-113.3546,142.6217189,2005,2020,16,day
Lac la nonne,Alberta Environment and Parks data repository,1988,2003,25,16,"'lat', 'long', 'chla', 'secchi', 'TP', 'DOC', 'pH', 'TKN', 'NO2', 'NH4'",70.43970912,hypereutrophic,53.94278,-114.31444,EDMONTON STONY PLAIN,301222F,ECCC,53.55,-114.11,45.74982364,1966,2006,40,day
Lac saint cyr -whole lake,Alberta Environment and Parks data repository,1983,1995,33,13,"'lat', 'long', 'chla', 'secchi', 'TP', 'DOC', 'pH', 'TKN', 'NO2', 'NH4'",51.7948253,eutrophic,53.905,-111.19,Oliver AGDM,3014921,Climate ID,53.6466,-113.3546,145.5699502,2005,2020,16,day
Lac ste. Anne E.,Alberta Environment and Parks data repository,1984,1997,40,14,"'lat', 'long', 'chla', 'secchi', 'TP', 'DOC', 'pH', 'TKN', 'NO2', 'NH4'",66.75966307,eutrophic,53.70833,-114.4,EDMONTON STONY PLAIN,301222F,ECCC,53.55,-114.11,26.05020938,1966,2006,40,day
Lac ste. Anne W.,Alberta Environment and Parks data repository,1984,1997,30,14,"'lat', 'long', 'chla', 'secchi', 'TP', 'DOC', 'pH', 'TKN', 'NO2', 'NH4'",67.62205419,eutrophic,53.71667,-114.5,EDMONTON STONY PLAIN,301222F,ECCC,53.55,-114.11,31.77540372,1966,2006,40,day
Burghfield lake,UK Environment Agency,2007,2009,30,3,"lat', 'long', 'chla', 'TP', 'temp'",54.66407295,eutrophic,51.42538197,-1.01597148,London Weather C.,1299,GEBA,51.51666667,-0.116666667,63.30730828,1958,2006,49,month
Sonning eye lake,UK Environment Agency,2008,2009,24,2,"lat', 'long', 'chla', 'TP', 'temp'",50.52835108,eutrophic,51.47704002,-0.92283562,London Weather C.,1299,GEBA,51.51666667,-0.116666667,56.15768161,1958,2006,49,month
Lake McGregor,Alberta Environment and Parks data repository,1983,1984,22,2,"'lat', 'long', 'chla', 'secchi', 'TP', 'DOC', 'pH', 'TKN', 'NO2', 'NH4'",52.01002868,eutrophic,50.54294,-112.89628,Enchant IMCIN,3032422,Climate ID,50.172,-112.4364,52.66431321,2005,2020,16,day
Lake newell,Alberta Environment and Parks data repository,1983,1984,23,2,"'lat', 'long', 'chla', 'secchi', 'TP', 'DOC', 'pH', 'TKN', 'NO2', 'NH4'",54.28105451,eutrophic,50.43333,-111.91667,Rolling Hills AGCM,3035530,Climate ID,50.2651,-111.7011,24.19910807,2005,2020,15,day
Little fish lake,Alberta Environment and Parks data repository,1983,1985,17,3,"'lat', 'long', 'chla', 'secchi', 'TP', 'pH', 'TKN', 'NO2', 'NH4'",68.90745307,eutrophic,51.36667,-112.23333,Hussar AGDM,3023402,Climate ID,51.1911,-112.5027,27.10722184,2005,2020,16,day
Littlesea lake,UK Environment Agency,2004,2019,184,16,"lat', 'long', 'chla', 'TP', 'temp'",61.66994306,eutrophic,50.65942014,-1.96219561,London Weather C.,1299,GEBA,51.51666667,-0.116666667,160.663389,1958,2006,49,month
Long lake -boyle,Alberta Environment and Parks data repository,1990,2005,26,16,"'lat', 'long', 'chla', 'secchi', 'TP', 'DOC', 'pH', 'TKN', 'NO2', 'NH4'",61.36657759,eutrophic,54.43112,-112.7555,Oliver AGDM,3014921,Climate ID,53.6466,-113.3546,95.73628109,2005,2020,16,day
Lower mann lake,Alberta Environment and Parks data repository,1992,1992,7,1,"'lat', 'long', 'chla', 'secchi', 'TP', 'DOC', 'pH', 'TKN', 'NO2', 'NH4'",75.0285683,hypereutrophic,54.17472,-111.51944,Oliver AGDM,3014921,Climate ID,53.6466,-113.3546,134.1567134,2005,2020,16,day
Loweswater -wq survey,UK Environment Agency,2005,2019,165,15,"lat', 'long', 'chla', 'secchi', 'TP', 'temp'",50.38061567,eutrophic,54.58408578,-3.35686562,Eskdalemuir,1283,GEBA,55.31666667,-3.2,82.16977589,1956,2017,62,month
Loweswater,UK Environment Agency,2005,2006,24,2,"lat', 'long', 'chla', 'TP', 'temp'",52.67871647,eutrophic,54.57884717,-3.35113701,Eskdalemuir,1283,GEBA,55.31666667,-3.2,82.70486515,1956,2017,62,month
Lacawac,Environmental data initiative,1989,2019,170,31,"chla', 'secchi', 'TP', 'DOC', 'NO3', 'NH4', 'temp', 'PAR', 'SRP'",45.12764593,mesotrophic,41.381458,-75.291904,Rock Springs,PSU,BSRN,40.72,-77.9333,233.8865011,1998,,22,day
Lambarfjärden,VISS,1967,1978,60,12,"chla', 'Depth'",49.99061433,mesotrophic,59.35866,17.79532,Stockholm,1414,GEBA,59.35,17.95,8.851498518,1922,2017,96,month
Levrasjön,VISS,1998,2017,72,20,"chla', 'Depth'",45.16237035,mesotrophic,56.10408932,14.49063047,Vaexjoe / Kronoberg,2106,GEBA,56.93333333,14.73333333,93.53789967,1983,2017,35,month
Lien,VISS,1996,2009,111,14,"chla', 'Depth'",38.19314742,oligotrophic,59.81126771,15.52091523,Borlaenge,2099,GEBA,60.43333333,15.5,69.31679378,1988,2013,26,month
Lillasjön,VISS,2006,2010,38,5,"chla', 'Depth'",44.28309224,mesotrophic,56.95971,15.39757,Vaexjoe / Kronoberg,2106,GEBA,56.93333333,14.73333333,40.53140799,1983,2017,35,month
Lillsjön,VISS,2009,2009,7,1,"chla', 'Depth'",58.45955179,eutrophic,62.76018211,15.22937513,Oestersund,2104,GEBA,63.18333333,14.5,59.94233992,1983,2013,31,month
Lindöviken W.,VISS,1974,1978,19,5,"chla', 'Depth'",34.94049942,oligotrophic,60.021541,23.194146,Jokioinen,1238,GEBA,60.81666667,23.5,90.1803737,1957,2017,61,month
Loch leven,UK Centre for Ecology and Hydrology,1985,2007,724,23,"chla', 'secchi', 'TP', 'temp', 'SRP'",66.65556441,eutrophic,56.197019,-3.371707,Mylnefield,2488,GEBA,56.45,-3.066666667,33.90678448,1988,2010,22,month
Långsjön,VISS,1996,2019,374,24,"chla', 'Depth'",47.23081214,mesotrophic,60.59758,16.27598,Borlaenge,2099,GEBA,60.43333333,15.5,46.38653163,1988,2013,26,month
Malham tarn,UK Environment Agency,2007,2019,141,13,"lat', 'long', 'chla', 'TP', 'temp'",47.90450078,mesotrophic,54.09206544,-2.16299422,Eskdalemuir,1283,GEBA,55.31666667,-3.2,151.8247906,1956,2017,62,month
Martham south broad,UK Environment Agency,2000,2019,252,20,"lat', 'long', 'chla', 'TP', 'temp'",59.81622632,eutrophic,52.72353439,1.64002539,Oostende / Airpt.,2415,GEBA,51.2,2.866666667,189.3222279,1975,2008,30,month
Matchayaw lake,Alberta Environment and Parks data repository,1995,1996,14,2,"'lat', 'long', 'chla', 'secchi', 'TP', 'pH', 'TKN', 'NO2', 'NH4'",62.67979847,eutrophic,53.71139,-114.09778,EDMONTON STONY PLAIN,301222F,ECCC,53.55,-114.11,17.98058385,1966,2006,40,day
May lake,Environmental Data Initiative,1980,1980,11,1,"'lat', 'long', 'chla', 'secchi', 'DOC', 'pH', 'TKN', 'NO2', 'NO3', 'NH4'",53.83540743,eutrophic,54.725,-110.39444,,,,,,,,,,
Mcleod lake E.,Alberta Environment and Parks data repository,1985,1995,19,11,"'lat', 'long', 'chla', 'secchi', 'TP', 'DOC', 'pH', 'TKN', 'NO2', 'NH4'",54.10926117,eutrophic,54.29444,-115.65833,EDMONTON STONY PLAIN,301222F,ECCC,53.55,-114.11,131.1929502,1966,2006,40,day
Melbourne lake,UK Environment Agency,2011,2012,24,2,"lat', 'long', 'chla', 'TP'",47.71262063,mesotrophic,52.81130295,-1.43173819,London Weather C.,1299,GEBA,51.51666667,-0.116666667,169.8440302,1958,2006,49,month
Mere ellesmere,UK Environment Agency,2012,2019,94,8,"lat', 'long', 'chla', 'TP', 'temp'",61.4329716,eutrophic,52.91319136,-2.88461751,Aberporth,1293,GEBA,52.13333333,-4.566666667,143.399353,1957,2017,61,month
Mere mere,UK Environment Agency,2013,2019,80,7,"lat', 'long', 'chla', 'secchi', 'TP', 'temp'",64.77320121,eutrophic,53.33089115,-2.40274886,Eskdalemuir,1283,GEBA,55.31666667,-3.2,227.0398766,1956,2017,62,month
Mere mere -edge,UK Environment Agency,2006,2019,207,14,"lat', 'long', 'chla', 'secchi', 'TP', 'temp'",60.05110368,eutrophic,53.32977163,-2.4015371,Eskdalemuir,1283,GEBA,55.31666667,-3.2,227.1793408,1956,2017,62,month
Mockbeggar lake,UK Environment Agency,2006,2009,47,4,"lat', 'long', 'chla', 'TP'",65.44810145,eutrophic,50.875087,-1.77893539,London Weather C.,1299,GEBA,51.51666667,-0.116666667,136.362316,1958,2006,49,month
Moonshine lake,Alberta Environment and Parks data repository,1984,2013,18,30,"'lat', 'long', 'chla', 'secchi', 'TP', 'DOC', 'pH', 'TKN', 'NO2', 'NO3', 'NH4'",59.80939005,eutrophic,55.88333,-119.21667,,,,,,,,,,
Moose lake -vezeau bay,Alberta Environment and Parks data repository,1980,1981,20,2,"'lat', 'long', 'chla', 'secchi', 'DOC', 'pH', 'TKN', 'NO2', 'NO3', 'NH4'",59.69059287,eutrophic,54.27667,-110.83472,Oliver AGDM,3014921,Climate ID,53.6466,-113.3546,179.6355226,2005,2020,16,day
Moose lake -whole lake,Alberta Environment and Parks data repository,1986,1993,12,8,"'lat', 'long', 'chla', 'secchi', 'TP', 'pH', 'NO2'",60.05331657,eutrophic,54.24241,-110.91023,Oliver AGDM,3014921,Climate ID,53.6466,-113.3546,173.6531844,2005,2020,16,day
Murston angling lake,UK Environment Agency,2007,2019,109,13,"lat', 'long', 'chla', 'TP'",66.97223972,eutrophic,51.35015491,0.7717268,London Weather C.,1299,GEBA,51.51666667,-0.116666667,64.49764193,1958,2006,49,month
Mariestadsviken  -site 2,VISS,1984,1995,72,12,"chla', 'Depth'",44.45838401,mesotrophic,58.77118304,13.86883317,Karlstad,2101,GEBA,59.36666667,13.46666667,70.23101851,1983,2017,35,month
Mellanfjärden,VISS,1968,1968,6,1,"chla', 'Depth'",74.85153176,hypereutrophic,58.738498,17.071582,Norrkoepping,2103,GEBA,58.58333333,16.25,50.71939982,1988,2010,23,month
Lake mendota,North Temperate Lakes LTER,1999,2018,269,20,"chla', 'Depth'",54.51344062,eutrophic,43.099,-89.405,Madison,480,GEBA,43.13333333,-89.33333333,6.969185027,1950,2006,48,month
lake monona,North Temperate Lakes LTER,1999,2018,250,20,"chla', 'Depth'",55.08390464,eutrophic,43.063,-89.361,Madison,480,GEBA,43.13333333,-89.33333333,8.131814573,1950,2006,48,month
Moon lake,Open Canada,1980,2011,95,32,"chla', 'Depth'",65.70149548,eutrophic,50.882608,-100.049833,,,,,,,,,,
Mossjön,VISS,2006,2009,33,4,"chla', 'Depth'",47.89570666,mesotrophic,57.63630527,15.69471408,Norrkoepping,2103,GEBA,58.58333333,16.25,110.4414136,1988,2010,23,month
Mälaren -erikssund,VISS,1967,1995,178,29,"chla', 'Depth'",46.00406881,mesotrophic,59.637542,17.620137,Stockholm,1414,GEBA,59.35,17.95,37.08527056,1922,2017,96,month
Nakamun lake,Alberta Environment and Parks data repository,1983,2018,149,36,"'lat', 'long', 'chla', 'secchi', 'TP', 'DOC', 'pH', 'TKN', 'NO2', 'NO3', 'NH4'",66.30721825,eutrophic,53.88333,-114.2,EDMONTON STONY PLAIN,301222F,ECCC,53.55,-114.11,37.57233035,1966,2006,40,day
Nook lake,UK Environment Agency,2007,2009,33,3,"lat', 'long', 'chla', 'TP', 'temp'",61.20942436,eutrophic,50.92684687,0.74381883,London Weather C.,1299,GEBA,51.51666667,-0.116666667,88.99168338,1958,2006,49,month
North buck lake,Alberta Environment and Parks data repository,1986,1997,12,12,"'lat', 'long', 'chla', 'secchi', 'TP', 'DOC', 'pH', 'TKN', 'NO2', 'NH4'",54.63025505,eutrophic,54.68417,-112.56583,Oliver AGDM,3014921,Climate ID,53.6466,-113.3546,126.457924,2005,2020,16,day
North point lake,UK Environment Agency,2007,2009,34,3,"lat', 'long', 'chla', 'TP', 'temp'",73.1250321,hypereutrophic,50.9450886,0.75599869,London Weather C.,1299,GEBA,51.51666667,-0.116666667,88.08449003,1958,2006,49,month
Nordmyrasjön,VISS,2019,2019,6,1,"chla', 'Depth'",58.55597536,eutrophic,60.16311,16.86772,Stockholm,1414,GEBA,59.35,17.95,109.1152739,1922,2017,96,month
NorraVänern -ölmeviken,VISS,1990,1995,30,6,"chla', 'Depth'",51.06775229,eutrophic,59.33531114,13.98983784,Karlstad,2101,GEBA,59.36666667,13.46666667,29.96702825,1983,2017,35,month
Nässjön,VISS,2005,2010,47,6,"chla', 'Depth'",53.29010477,eutrophic,57.6363,15.69471,Norrkoepping,2103,GEBA,58.58333333,16.25,110.4420461,1988,2010,23,month
Oak mere,UK Environment Agency,2005,2006,36,2,"lat', 'long', 'chla', 'TP', 'temp'",66.16212114,eutrophic,53.20466785,-2.63923575,Eskdalemuir,1283,GEBA,55.31666667,-3.2,237.9071941,1956,2017,62,month
Oak mere -intersection,UK Environment Agency,2005,2019,124,15,"lat', 'long', 'chla', 'TP', 'temp'",66.30535115,eutrophic,53.20245826,-2.63556501,Eskdalemuir,1283,GEBA,55.31666667,-3.2,238.1871269,1956,2017,62,month
Ormesby broad,UK Environment Agency,2000,2019,284,20,"lat', 'long', 'chla', 'TP', 'temp'",62.15939412,eutrophic,52.68194758,1.646923,Oostende / Airpt.,2415,GEBA,51.2,2.866666667,184.9926161,1975,2008,30,month
Ormesby little broad,UK Environment Agency,2000,2019,286,20,"lat', 'long', 'chla', 'TP', 'temp'",63.94044553,eutrophic,52.66862658,1.64137394,Oostende / Airpt.,2415,GEBA,51.2,2.866666667,183.8529117,1975,2008,30,month
Octopus lake,UK Environment Agency,2006,2017,137,12,"chla', 'Depth'",62.4192692,eutrophic,50.617297,-99.924008,,,,,,,,,,
Oneida lake,KNB,1975,2017,1381,43,"chla', 'secchi', 'TP', 'temp', 'SRP', 'TDN'",48.77346452,mesotrophic,43.2046,-75.9231,,,,,,,,,,
Lake ontario,Open Canada,2001,2018,124,18,"lat', 'long', 'chla', 'secchi', 'TP', 'pH', 'TKN', 'Depth', 'temp', 'Depth_to', 'POC', 'SRP'",39.2304471,oligotrophic,43.31361,-79.75083,,,,,,,,,,
Oppmannasjön,VISS,1997,2018,96,22,"chla', 'Depth'",57.61145877,eutrophic,56.08323921,14.34580404,Vaexjoe / Kronoberg,2106,GEBA,56.93333333,14.73333333,97.61940981,1983,2017,35,month
Oppmannasjön -arkelstorpsviken,VISS,2001,2018,84,18,"chla', 'Depth'",67.93686878,eutrophic,56.16093198,14.27863205,Vaexjoe / Kronoberg,2106,GEBA,56.93333333,14.73333333,90.44073143,1983,2017,35,month
Pakowki lake -central,Alberta Environment and Parks data repository,1996,1998,26,3,"'lat', 'long', 'chla', 'secchi', 'TP', 'DOC', 'pH', 'TKN', 'NO2', 'NH4'",80.20537554,hypereutrophic,49.34583,-110.92778,Seven Persons IMCIN,3035845,Climate ID,49.9183,-110.9149,63.67803571,2005,2020,16,day
Pakowki lake W.,Alberta Environment and Parks data repository,1996,1997,19,2,"'lat', 'long', 'chla', 'secchi', 'TP', 'DOC', 'TKN', 'NH4'",69.24483649,eutrophic,49.375,-111.0625,Bow Island,3030768,Climate ID,49.7333,-111.45,48.72545875,2005,2020,16,day
Pigeon lake,Alberta Environment and Parks data repository,1984,2013,42,30,"'lat', 'long', 'chla', 'secchi', 'TP', 'pH', 'TKN', 'NO2', 'NO3', 'NH4'",58.9480567,eutrophic,53,-114.01667,EDMONTON STONY PLAIN,301222F,ECCC,53.55,-114.11,61.5261025,1966,2006,40,day
Pine lake,Alberta Environment and Parks data repository,2005,2005,6,1,"'lat', 'long', 'chla', 'secchi', 'TP', 'DOC', 'pH', 'TKN', 'NO2', 'NH4'",59.61318351,eutrophic,52.10333,-113.45417,Three Hills AGCM,3026479,Climate ID,51.7673,-113.2058,41.10611987,2005,2020,16,day
Pine lake -middle,Alberta Environment and Parks data repository,1989,2007,108,19,"'lat', 'long', 'chla', 'secchi', 'TP', 'DOC', 'pH', 'TKN', 'NO2', 'NH4'",61.9425825,eutrophic,52.06833,-113.40972,Three Hills AGCM,3026479,Climate ID,51.7673,-113.2058,36.31420783,2005,2020,16,day
Pine lake -north,Alberta Environment and Parks data repository,1989,2007,107,19,"'lat', 'long', 'chla', 'secchi', 'TP', 'DOC', 'pH', 'TKN', 'NO2', 'NH4'",61.28397028,eutrophic,52.06833,-113.40972,Three Hills AGCM,3026479,Climate ID,51.7673,-113.2058,36.31420783,2005,2020,16,day
Pine lake -south,Alberta Environment and Parks data repository,1989,2007,101,19,"'lat', 'long', 'chla', 'secchi', 'TP', 'DOC', 'pH', 'TKN', 'NO2', 'NH4'",61.99364075,eutrophic,52.06833,-113.40972,Three Hills AGCM,3026479,Climate ID,51.7673,-113.2058,36.31420783,2005,2020,16,day
Primrose lake -north basin,Alberta Environment and Parks data repository,1980,1981,14,2,"'lat', 'long', 'chla', 'secchi', 'TP', 'DOC', 'pH', 'TKN', 'NO2', 'NO3', 'NH4'",61.45319063,eutrophic,54.90111,-109.63389,,,,,,,,,,
Paul Lake,Environmental Data Initiative,1984,2016,487,33,"chla', 'Depth', 'DIC'",44.30111755,mesotrophic,46.25,-89.5,,,,,,,,,,
Peter Lake,Environmental Data Initiative,1984,2016,483,33,"chla', 'Depth', 'DIC'",53.15246391,eutrophic,46.25,-89.5,,,,,,,,,,
Prästfjärden,VISS,1967,2019,252,53,"chla', 'Depth'",47.25728287,mesotrophic,59.42695204,17.4265734,Stockholm,1414,GEBA,59.35,17.95,30.95514525,1922,2017,96,month
Ranworth broad,UK Environment Agency,2000,2019,226,20,"lat', 'long', 'chla', 'TP', 'temp'",71.1048468,hypereutrophic,52.68508679,1.48289776,London Weather C.,1299,GEBA,51.51666667,-0.116666667,170.0391363,1958,2006,49,month
Ranworth broad -edge,UK Environment Agency,2006,2006,6,1,"lat', 'long', 'chla', 'TP', 'temp'",74.72494936,hypereutrophic,52.68279636,1.4873772,London Weather C.,1299,GEBA,51.51666667,-0.116666667,170.0443779,1958,2006,49,month
Red tarn -stillwater,UK Environment Agency,2007,2009,34,3,"lat', 'long', 'chla', 'TP', 'temp'",38.94860804,oligotrophic,54.52960657,-3.00591026,Eskdalemuir,1283,GEBA,55.31666667,-3.2,88.49641818,1956,2017,62,month
Rockford lake,UK Environment Agency,2014,2015,24,2,"lat', 'long', 'chla', 'TP'",52.93999207,eutrophic,50.87342497,-1.77978175,London Weather C.,1299,GEBA,51.51666667,-0.116666667,136.5113259,1958,2006,49,month
Rockland broad,UK Environment Agency,2000,2000,10,1,"lat', 'long', 'chla', 'TP', 'temp'",55.20320456,eutrophic,52.59275535,1.441597,London Weather C.,1299,GEBA,51.51666667,-0.116666667,160.4960574,1958,2006,49,month
Rollesby broad,UK Environment Agency,2000,2019,306,20,"lat', 'long', 'chla', 'TP', 'temp'",62.43096576,eutrophic,52.6776435,1.64064476,Oostende / Airpt.,2415,GEBA,51.2,2.866666667,184.7642492,1975,2008,30,month
Rostherne mere,UK Environment Agency,2005,2007,35,3,"lat', 'long', 'chla', 'TP', 'temp'",64.97233236,eutrophic,53.35183763,-2.3800215,Eskdalemuir,1283,GEBA,55.31666667,-3.2,225.1134487,1956,2017,62,month
Rostherne mere -outlet,UK Environment Agency,2008,2011,47,4,"lat', 'long', 'chla', 'TP', 'temp'",58.50407005,eutrophic,53.35250007,-2.37233559,Eskdalemuir,1283,GEBA,55.31666667,-3.2,225.1606639,1956,2017,62,month
Rothay,UK Environment Agency,2012,2013,18,2,"lat', 'long', 'chla', 'TP'",45.59191528,mesotrophic,54.44708467,-2.98411592,Eskdalemuir,1283,GEBA,55.31666667,-3.2,97.78950475,1956,2017,62,month
Rutland water -hambleton south,UK Environment Agency,2005,2019,168,15,"lat', 'long', 'chla', 'TP', 'temp'",56.36719051,eutrophic,52.65982345,-0.68203026,London Weather C.,1299,GEBA,51.51666667,-0.116666667,132.9687981,1958,2006,49,month
Rutland water -tower,UK Environment Agency,2003,2014,152,12,"lat', 'long', 'chla', 'TP', 'temp'",51.78578155,eutrophic,52.65599204,-0.62419032,London Weather C.,1299,GEBA,51.51666667,-0.116666667,131.4573653,1958,2006,49,month
Rutland water -north buoy,UK Environment Agency,2003,2014,153,12,"lat', 'long', 'chla', 'TP', 'temp'",52.55869007,eutrophic,52.66615848,-0.67207984,London Weather C.,1299,GEBA,51.51666667,-0.116666667,133.4464145,1958,2006,49,month
Rutland water -south buoy,UK Environment Agency,2003,2014,151,12,"lat', 'long', 'chla', 'TP', 'temp'",53.60118543,eutrophic,52.64776416,-0.65933315,London Weather C.,1299,GEBA,51.51666667,-0.116666667,131.2378146,1958,2006,49,month
Ridöfjärden,VISS,1967,1968,12,2,"chla', 'Depth'",56.90093318,eutrophic,59.51984251,16.61333915,Norrkoepping,2103,GEBA,58.58333333,16.25,106.3864354,1988,2010,23,month
Roxen -centrala delen,VISS,1994,2017,84,24,"chla', 'Depth'",54.07823344,eutrophic,58.51387579,15.63961215,Norrkoepping,2103,GEBA,58.58333333,16.25,36.37249113,1988,2010,23,month
Roxen S.,VISS,1994,2008,36,15,"chla', 'Depth'",55.51958852,eutrophic,58.458,15.62016,Norrkoepping,2103,GEBA,58.58333333,16.25,39.26732571,1988,2010,23,month
Barken S.,VISS,1980,1980,6,1,"chla', 'Depth'",50.89659807,eutrophic,60.00868313,15.65115014,Borlaenge,2099,GEBA,60.43333333,15.5,48.04883058,1988,2013,26,month
Björkfjärden SE.,VISS,1966,2019,255,54,"chla', 'Depth'",46.25162536,mesotrophic,59.29018587,17.51992707,Stockholm,1414,GEBA,59.35,17.95,25.37906459,1922,2017,96,month
Sandy lake -north basin,Alberta Environment and Parks data repository,1988,1993,26,6,"'lat', 'long', 'chla', 'secchi', 'TP', 'DOC', 'pH', 'TKN', 'NO2', 'NH4'",78.80672919,hypereutrophic,53.80944,-114.04861,EDMONTON STONY PLAIN,301222F,ECCC,53.55,-114.11,29.1589625,1966,2006,40,day
Sandy lake -south basin,Alberta Environment and Parks data repository,1988,1993,25,6,"'lat', 'long', 'chla', 'secchi', 'TP', 'DOC', 'pH', 'TKN', 'NO2', 'NH4'",73.453847,hypereutrophic,53.77222,-114.02972,EDMONTON STONY PLAIN,301222F,ECCC,53.55,-114.11,25.2957691,1966,2006,40,day
Saskatoon lake,Alberta Environment and Parks data repository,1986,1986,6,1,"'lat', 'long', 'chla', 'secchi', 'TP', 'pH'",66.21996752,eutrophic,55.21722,-119.08778,,,,,,,,,,
Semer water,UK Environment Agency,2013,2019,79,7,"lat', 'long', 'chla', 'TP', 'temp'",49.17161537,mesotrophic,54.2828609,-2.12161687,Eskdalemuir,1283,GEBA,55.31666667,-3.2,134.3614561,1956,2017,62,month
Shearwater lake outflow,UK Environment Agency,2004,2019,105,16,"lat', 'long', 'chla', 'TP', 'temp'",72.50205207,hypereutrophic,51.17964557,-2.21173218,London Weather C.,1299,GEBA,51.51666667,-0.116666667,150.6983178,1958,2006,49,month
Sherborne lake,UK Environment Agency,2015,2016,24,2,"lat', 'long', 'chla', 'TP'",69.99556067,eutrophic,50.9477439,-2.50315006,Aberporth,1293,GEBA,52.13333333,-4.566666667,194.6534369,1957,2017,61,month
Shorncliffe lake,Alberta Environment and Parks data repository,1992,1992,14,1,"'lat', 'long', 'chla', 'secchi', 'TP', 'pH', 'NO2'",52.27086913,eutrophic,52.46944,-110.8675,Rosemary IMCIN,3035650,Climate ID,50.8344,-112.0573,199.6778991,2005,2020,16,day
Silverwings lake -wraysbury,UK Environment Agency,2007,2007,10,1,"lat', 'long', 'chla', 'TP', 'temp'",53.64828774,eutrophic,51.44970642,-0.54935395,London Weather C.,1299,GEBA,51.51666667,-0.116666667,30.96651396,1958,2006,49,month
Skeleton lake -south basin,Alberta Environment and Parks data repository,1985,1986,13,2,"'lat', 'long', 'chla', 'TP', 'DOC', 'pH', 'TKN', 'NO2', 'NH4'",59.56405972,eutrophic,54.61472,-112.72806,Oliver AGDM,3014921,Climate ID,53.6466,-113.3546,115.2787603,2005,2020,16,day
Skelsmergh tarn,UK Environment Agency,2016,2016,12,1,"lat', 'long', 'chla', 'TP'",58.43700713,eutrophic,54.36310734,-2.71923005,Eskdalemuir,1283,GEBA,55.31666667,-3.2,110.5529166,1956,2017,62,month
Slapton ley,UK Environment Agency,2015,2019,59,5,"lat', 'long', 'chla', 'TP'",65.74475553,eutrophic,50.28507832,-3.65120931,Camborne,1303,GEBA,50.21666667,-5.316666667,119.0247149,1964,2017,37,month
Smoke lake -composite,Alberta Environment and Parks data repository,1983,1983,7,1,"'lat', 'long', 'chla', 'TP', 'DOC', 'pH', 'TKN', 'NO2', 'NH4'",62.18837687,eutrophic,54.36667,-116.93333,EDMONTON STONY PLAIN,301222F,ECCC,53.55,-114.11,206.3982075,1966,2006,40,day
Snails lake,UK Environment Agency,2006,2010,54,5,"lat', 'long', 'chla', 'TP'",56.05809286,eutrophic,50.86332189,-1.78711844,London Weather C.,1299,GEBA,51.51666667,-0.116666667,137.5496775,1958,2006,49,month
South walsham broad,UK Environment Agency,2000,2019,228,20,"lat', 'long', 'chla', 'TP', 'temp'",75.87580187,hypereutrophic,52.67174002,1.50846777,London Weather C.,1299,GEBA,51.51666667,-0.116666667,170.0592324,1958,2006,49,month
South walsham broad -edge,UK Environment Agency,2006,2006,6,1,"lat', 'long', 'chla', 'TP', 'temp'",80.56266548,hypereutrophic,52.67168134,1.50741255,London Weather C.,1299,GEBA,51.51666667,-0.116666667,170.0070036,1958,2006,49,month
Stanborough sailing lake,UK Environment Agency,2004,2006,36,3,"lat', 'long', 'chla', 'TP', 'temp'",75.68885471,hypereutrophic,51.78325822,-0.2182789,London Weather C.,1299,GEBA,51.51666667,-0.116666667,30.48351252,1958,2006,49,month
Steele (cross) lake,Alberta Environment and Parks data repository,1993,2005,12,13,"'lat', 'long', 'chla', 'secchi', 'TP', 'pH', 'NO2'",68.39600376,eutrophic,54.65,-113.76667,Oliver AGDM,3014921,Climate ID,53.6466,-113.3546,114.8854752,2005,2020,16,day
Stewartby lake,UK Environment Agency,2007,2019,104,13,"lat', 'long', 'chla', 'TP'",53.71967264,eutrophic,52.07201944,-0.52635133,London Weather C.,1299,GEBA,51.51666667,-0.116666667,67.94804666,1958,2006,49,month
Sturgeon lake -main basin,Alberta Environment and Parks data repository,1984,1985,14,2,"'lat', 'long', 'chla', 'secchi', 'TP', 'DOC', 'pH', 'TKN', 'NO2', 'NH4'",65.346961,eutrophic,55.10278,-117.5375,,,,,,,,,,
Sturgeon lake -west arm,Alberta Environment and Parks data repository,1984,1985,13,2,"lat', 'long', 'chla', 'secchi', 'TP', 'DOC', 'pH', 'TKN', 'NO2', 'NH4'",66.717856,eutrophic,55.10861,-117.52944,,,,,,,,,,
Sunbiggin tarn,UK Environment Agency,2005,2006,17,2,"lat', 'long', 'chla', 'TP', 'temp'",58.97472324,eutrophic,54.46364308,-2.50135427,Eskdalemuir,1283,GEBA,55.31666667,-3.2,105.0092398,1956,2017,62,month
Salen,VISS,2015,2016,12,2,"chla', 'Depth'",60.54431493,eutrophic,56.86459581,14.55586859,Vaexjoe / Kronoberg,2106,GEBA,56.93333333,14.73333333,13.24900938,1983,2017,35,month
Salen -längst norrut,VISS,2015,2016,12,2,"chla', 'Depth'",57.63941213,eutrophic,56.89245,14.55821,Vaexjoe / Kronoberg,2106,GEBA,56.93333333,14.73333333,11.59836666,1983,2017,35,month
Sigtunafjärden,VISS,1966,1966,6,1,"chla', 'Depth'",55.87469745,eutrophic,59.61226626,17.72056073,Stockholm,1414,GEBA,59.35,17.95,31.97999485,1922,2017,96,month
Skarven,VISS,1967,2019,275,53,"chla', 'Depth'",56.71287933,eutrophic,59.55366034,17.80745934,Stockholm,1414,GEBA,59.35,17.95,24.08584098,1922,2017,96,month
Skifsen,VISS,2007,2019,69,13,"chla', 'Depth'",42.44503574,mesotrophic,60.0761535,14.41235405,Borlaenge,2099,GEBA,60.43333333,15.5,72.18285971,1988,2013,26,month
South lake,Open Canada,2006,2017,93,12,"chla', 'Depth'",57.18905798,eutrophic,50.646101,-100.010736,,,,,,,,,,
Sparkling lake,North Temperate Lakes LTER,1981,2018,644,38,"chla', 'Depth'",40.14393783,mesotrophic,46.008,-89.701,Madison,480,GEBA,43.13333333,-89.33333333,320.7738765,1950,2006,48,month
St Skärsjön,VISS,1996,2019,146,24,"chla', 'Depth'",44.54611021,mesotrophic,57.16785,14.50945,Vaexjoe / Kronoberg,2106,GEBA,56.93333333,14.73333333,29.43906944,1983,2017,35,month
St. Aspen,VISS,1980,1980,6,1,"chla', 'Depth'",54.28287313,eutrophic,59.14242072,16.13623568,Norrkoepping,2103,GEBA,58.58333333,16.25,62.62327847,1988,2010,23,month
Stengårdshultasjön,VISS,1996,2010,117,15,"chla', 'Depth'",42.46115235,mesotrophic,57.55777929,13.80204466,Vaexjoe / Kronoberg,2106,GEBA,56.93333333,14.73333333,89.42416631,1983,2017,35,month
Stensjön,VISS,1996,2019,305,24,"chla', 'Depth'",42.83615916,mesotrophic,59.17446015,18.32440451,Stockholm,1414,GEBA,59.35,17.95,28.95582166,1922,2017,96,month
Stockholm,VISS,1968,1968,6,1,"chla', 'Depth'",58.79447133,eutrophic,59.3033,18.07666,Stockholm,1414,GEBA,59.35,17.95,8.891571198,1922,2017,96,month
Stora Ålagylet,VISS,2006,2010,36,5,"chla', 'Depth'",47.40744653,mesotrophic,56.28447426,14.70517941,Vaexjoe / Kronoberg,2106,GEBA,56.93333333,14.73333333,72.2729828,1983,2017,35,month
Storhjälmaren,VISS,1968,1995,132,28,"chla', 'Depth'",53.10797578,eutrophic,59.21507994,15.73511813,Norrkoepping,2103,GEBA,58.58333333,16.25,76.37443513,1988,2010,23,month
Storsjön,VISS,1997,2010,55,14,"chla', 'Depth'",48.33346311,mesotrophic,61.6428508,15.79148994,Borlaenge,2099,GEBA,60.43333333,15.5,135.6933181,1988,2013,26,month
Strängnäsbron,VISS,1980,2000,242,21,"chla', 'Depth'",52.589255,eutrophic,59.384007,17.018556,Stockholm,1414,GEBA,59.35,17.95,53.09910603,1922,2017,96,month
Stäket,VISS,1966,1966,6,1,"chla', 'Depth'",51.38014564,eutrophic,59.89459729,18.90907141,Stockholm,1414,GEBA,59.35,17.95,81.30350982,1922,2017,96,month
Stäketbron,VISS,1980,2000,232,21,"chla', 'Depth'",51.2540787,eutrophic,57.90522,16.415305,Norrkoepping,2103,GEBA,58.58333333,16.25,76.15089333,1988,2010,23,month
Svinnegarnsviken,VISS,1966,2019,255,54,"chla', 'Depth'",58.4840188,eutrophic,59.56834,17.07067,Stockholm,1414,GEBA,59.35,17.95,55.48082242,1922,2017,96,month
Sätoftasjön,VISS,1975,2019,381,45,"chla', 'Depth'",65.04416327,eutrophic,55.89106691,13.55151126,Lund,2102,GEBA,55.71666667,13.21666667,28.59948209,1988,2017,30,month
Tabley mere,UK Environment Agency,2005,2019,99,15,"lat', 'long', 'chla', 'TP', 'temp'",67.88985845,eutrophic,53.29081117,-2.41809308,Eskdalemuir,1283,GEBA,55.31666667,-3.2,231.1684661,1956,2017,62,month
Talkin tarn,UK Environment Agency,2005,2006,23,2,"lat', 'long', 'chla', 'TP', 'temp'",58.51773194,eutrophic,54.92469984,-2.71121255,Eskdalemuir,1283,GEBA,55.31666667,-3.2,53.63403108,1956,2017,62,month
Tallington lakes,UK Environment Agency,2007,2009,33,3,"lat', 'long', 'chla', 'TP', 'temp'",51.47087256,eutrophic,52.67248254,-0.36585212,London Weather C.,1299,GEBA,51.51666667,-0.116666667,129.7353012,1958,2006,49,month
Tatton mere -wfd,UK Environment Agency,2005,2019,177,15,"lat', 'long', 'chla', 'TP', 'temp'",61.73539983,eutrophic,53.32267787,-2.36862295,Eskdalemuir,1283,GEBA,55.31666667,-3.2,228.446336,1956,2017,62,month
Techill mere,UK Environment Agency,2004,2008,50,5,"lat', 'long', 'chla', 'TP', 'temp'",65.68002919,eutrophic,52.91001101,-2.88916236,Aberporth,1293,GEBA,52.13333333,-4.566666667,142.94296,1957,2017,61,month
Thirlmere -stillwater,UK Environment Agency,2005,2010,46,6,"lat', 'long', 'chla', 'TP', 'temp'",40.62794195,mesotrophic,54.56141203,-3.06785688,Eskdalemuir,1283,GEBA,55.31666667,-3.2,84.50219873,1956,2017,62,month
Thompson water,UK Environment Agency,2007,2019,151,13,"lat', 'long', 'chla', 'TP', 'temp'",60.24161205,eutrophic,52.51730983,0.81917011,London Weather C.,1299,GEBA,51.51666667,-0.116666667,128.5435057,1958,2006,49,month
Thompson water -control 1B,UK Environment Agency,2018,2019,19,2,"lat', 'long', 'chla', 'TP', 'temp'",72.881313,hypereutrophic,52.51965253,0.82161985,London Weather C.,1299,GEBA,51.51666667,-0.116666667,128.8524951,1958,2006,49,month
Thompson water -control 2A,UK Environment Agency,2017,2017,6,1,"lat', 'long', 'chla', 'TP'",51.74673697,eutrophic,52.51824801,0.82055691,London Weather C.,1299,GEBA,51.51666667,-0.116666667,128.6811701,1958,2006,49,month
Thompson water -control 2B,UK Environment Agency,2018,2019,19,2,"lat', 'long', 'chla', 'TP', 'temp'",72.98205666,hypereutrophic,52.51931965,0.82237983,London Weather C.,1299,GEBA,51.51666667,-0.116666667,128.8466265,1958,2006,49,month
Thompson water -control 3,UK Environment Agency,2017,2019,28,3,"lat', 'long', 'chla', 'TP', 'temp'",58.53094207,eutrophic,52.51827235,0.82104494,London Weather C.,1299,GEBA,51.51666667,-0.116666667,128.7002591,1958,2006,49,month
Thompson water -impact 1,UK Environment Agency,2017,2019,28,3,"lat', 'long', 'chla', 'TP', 'temp'",65.18947403,eutrophic,52.51725316,0.81928441,London Weather C.,1299,GEBA,51.51666667,-0.116666667,128.5419858,1958,2006,49,month
Thompson water -impact 2,UK Environment Agency,2017,2019,29,3,"lat', 'long', 'chla', 'TP', 'temp'",62.34087691,eutrophic,52.51698539,0.81957683,London Weather C.,1299,GEBA,51.51666667,-0.116666667,128.5263129,1958,2006,49,month
Thompson water -impact 3,UK Environment Agency,2017,2019,29,3,"lat', 'long', 'chla', 'TP', 'temp'",63.18569409,eutrophic,52.51675179,0.81994514,London Weather C.,1299,GEBA,51.51666667,-0.116666667,128.5165344,1958,2006,49,month
Fleet lake,UK Environment Agency,2007,2019,149,13,"lat', 'long', 'chla', 'TP', 'temp'",53.16020618,eutrophic,51.40822228,-0.51046463,London Weather C.,1299,GEBA,51.51666667,-0.116666667,29.90942663,1958,2006,49,month
Thrapston lake,UK Environment Agency,2007,2019,149,13,"lat', 'long', 'chla', 'TP', 'temp'",62.25037428,eutrophic,52.40172579,-0.54151786,London Weather C.,1299,GEBA,51.51666667,-0.116666667,102.7161853,1958,2006,49,month
Thunder lake,Alberta Environment and Parks data repository,1986,1994,42,9,"lat', 'long', 'chla', 'secchi', 'TP', 'DOC', 'pH', 'TKN', 'NO2', 'NH4'",67.71652811,eutrophic,54.15,-114.75,EDMONTON STONY PLAIN,301222F,ECCC,53.55,-114.11,78.95349615,1966,2006,40,day
Tindale tarn,UK Environment Agency,2011,2019,102,9,"lat', 'long', 'chla', 'TP', 'temp'",46.76297818,mesotrophic,54.92298891,-2.61112357,Eskdalemuir,1283,GEBA,55.31666667,-3.2,57.72680721,1956,2017,62,month
Tucker lake,Alberta Environment and Parks data repository,1980,1982,37,3,"lat', 'long', 'chla', 'secchi', 'TP', 'DOC', 'pH', 'TKN', 'NO2', 'NO3', 'NH4'",60.17849756,eutrophic,54.53611,-110.63056,Oliver AGDM,3014921,Climate ID,53.6466,-113.3546,203.8721031,2005,2020,16,day
Turnershill marsh,UK Environment Agency,2007,2019,152,13,"lat', 'long', 'chla', 'TP'",64.6642592,eutrophic,51.70628972,-0.01664926,London Weather C.,1299,GEBA,51.51666667,-0.116666667,22.20593698,1958,2006,49,month
Turnford marsh lake,UK Environment Agency,2006,2009,48,4,"lat', 'long', 'chla', 'TP'",50.82196542,eutrophic,51.71910109,-0.01912921,London Weather C.,1299,GEBA,51.51666667,-0.116666667,23.51418786,1958,2006,49,month
Trehörningen,VISS,2000,2018,103,19,"chla', 'Depth'",50.39409679,eutrophic,59.53075245,18.35536277,Stockholm,1414,GEBA,59.35,17.95,30.56914563,1922,2017,96,month
Trout lake,North Temperate Lakes LTER,1981,2018,644,38,"chla', 'Depth'",41.10999182,mesotrophic,46.029,-89.665,Madison,480,GEBA,43.13333333,-89.33333333,322.8523282,1950,2006,48,month
Trout bog,North Temperate Lakes LTER,1981,2018,640,38,"chla', 'Depth'",66.68889367,eutrophic,46.041,-89.686,Madison,480,GEBA,43.13333333,-89.33333333,324.3211268,1950,2006,48,month
Tryssjön,VISS,1996,2010,117,15,"chla', 'Depth'",34.88574797,oligotrophic,60.43467577,15.08336456,Borlaenge,2099,GEBA,60.43333333,15.5,22.94353151,1988,2013,26,month
Tuesday lake,Environmental Data Initiative,1984,2016,278,33,"chla', 'Depth', 'DIC'",51.30291028,eutrophic,49.11267,-89.484065,,,,,,,,,,
Tåkern -glänås,VISS,2009,2016,36,8,"chla', 'Depth'",62.48934186,eutrophic,58.34981711,14.82350938,Vaexjoe / Kronoberg,2106,GEBA,56.93333333,14.73333333,157.8474825,1983,2017,35,month
Ullswater -south buoy,UK Environment Agency,2005,2008,49,4,"lat', 'long', 'chla', 'secchi', 'TP', 'temp'",44.70388601,mesotrophic,54.54954393,-2.94530238,Eskdalemuir,1283,GEBA,55.31666667,-3.2,86.94430943,1956,2017,62,month
Ullswater -wfd,UK Environment Agency,2005,2019,168,15,"lat', 'long', 'chla', 'secchi', 'TP', 'temp'",43.79801941,mesotrophic,54.5628457,-2.93014498,Eskdalemuir,1283,GEBA,55.31666667,-3.2,85.68067241,1956,2017,62,month
Upton great broad,UK Environment Agency,2000,2019,214,20,"lat', 'long', 'chla', 'TP', 'temp'",51.99577257,eutrophic,52.66561013,1.53312592,Oostende / Airpt.,2415,GEBA,51.2,2.866666667,187.0900236,1975,2008,30,month
Upton little broad,UK Environment Agency,2007,2019,145,13,"lat', 'long', 'chla', 'TP', 'temp'",54.87896686,eutrophic,52.66547792,1.53755343,Oostende / Airpt.,2415,GEBA,51.2,2.866666667,186.9282051,1975,2008,30,month
USGS-491528094470601,USGS and USEPA water quality portal,2010,2010,9,1,"chla', 'secchi', 'TP', 'pH', 'temp'",49.22708344,mesotrophic,49.25777778,-94.785,ELA,MET,ELA,49.664,-93.7327,88.6593381,,,33,day
USGS-492142094421501,USGS and USEPA water quality portal,2010,2010,9,1,"chla', 'secchi', 'TP', 'pH', 'temp'",49.59550225,mesotrophic,49.36166667,-94.7041667,ELA,MET,ELA,49.664,-93.7327,77.97336664,,,33,day
Ulvhällsfjärden,VISS,1966,2019,197,54,"chla', 'Depth'",57.85579001,eutrophic,59.36783167,17.05508222,Stockholm,1414,GEBA,59.35,17.95,50.93772782,1922,2017,96,month
Vincent lake,Alberta Environment and Parks data repository,1993,1993,7,1,"lat', 'long', 'chla', 'secchi', 'TP', 'DOC', 'pH', 'TKN', 'NO2', 'NH4'",58.60585111,eutrophic,54.11528,-111.34861,Oliver AGDM,3014921,Climate ID,53.6466,-113.3546,141.8525825,2005,2020,16,day
Virginia water,UK Environment Agency,2007,2019,144,13,"lat', 'long', 'chla', 'TP', 'temp'",56.53415749,eutrophic,51.40756102,-0.59597875,London Weather C.,1299,GEBA,51.51666667,-0.116666667,35.4539791,1958,2006,49,month
Västeråsfjärden N.,VISS,1966,2019,263,54,"chla', 'Depth'",59.32775455,eutrophic,59.59277023,16.55261639,Norrkoepping,2103,GEBA,58.58333333,16.25,113.7779555,1988,2010,23,month
Västra Ringsjön,VISS,1975,2019,390,45,"chla', 'Depth'",66.35283547,eutrophic,55.88434495,13.47997108,Lund,2102,GEBA,55.71666667,13.21666667,24.92393956,1988,2017,30,month
Wabamun lake -east basin,Alberta Environment and Parks data repository,1980,2016,81,37,"lat', 'long', 'chla', 'secchi', 'TP', 'DOC', 'pH', 'TKN', 'NO2', 'NO3', 'NH4'",53.08119882,eutrophic,53.54027,-114.53139,EDMONTON STONY PLAIN,301222F,ECCC,53.55,-114.11,27.9542769,1966,2006,40,day
Wabamun lake -main basin,Alberta Environment and Parks data repository,1983,2012,114,30,"lat', 'long', 'chla', 'secchi', 'TP', 'DOC', 'pH', 'TKN', 'NO2', 'NO3', 'NH4'",54.80403127,eutrophic,53.54027,-114.53139,EDMONTON STONY PLAIN,301222F,ECCC,53.55,-114.11,27.9542769,1966,2006,40,day
Wabamun lake -west basin,Alberta Environment and Parks data repository,1980,2008,62,29,"lat', 'long', 'chla', 'secchi', 'TP', 'DOC', 'pH', 'TKN', 'NO2', 'NO3', 'NH4'",55.4543099,eutrophic,53.55556,-114.68639,EDMONTON STONY PLAIN,301222F,ECCC,53.55,-114.11,38.206083,1966,2006,40,day
Wastwater -stillwater,UK Environment Agency,2005,2019,174,15,"lat', 'long', 'chla', 'TP', 'temp'",33.80081571,oligotrophic,54.4267251,-3.31918128,Eskdalemuir,1283,GEBA,55.31666667,-3.2,99.36430045,1956,2017,62,month
Westbere lakes,UK Environment Agency,2007,2010,41,4,"lat', 'long', 'chla', 'TP', 'temp'",66.05280658,eutrophic,51.30144134,1.14173752,London Weather C.,1299,GEBA,51.51666667,-0.116666667,90.7719188,1958,2006,49,month
Westbere lakes point 1,UK Environment Agency,2007,2010,41,4,"lat', 'long', 'chla', 'TP', 'temp'",66.38058724,eutrophic,51.30294966,1.14585829,London Weather C.,1299,GEBA,51.51666667,-0.116666667,91.00312182,1958,2006,49,month
White mere,UK Environment Agency,2013,2019,78,7,"lat', 'long', 'chla', 'TP'",63.62666463,eutrophic,52.89259906,-2.87450645,Aberporth,1293,GEBA,52.13333333,-4.566666667,142.5982879,1957,2017,61,month
Winagami lake,Alberta Environment and Parks data repository,1984,1985,12,2,"lat', 'long', 'chla', 'secchi', 'TP', 'pH', 'TKN', 'NO2'",65.80189275,eutrophic,55.61667,-116.73333,,,,,,,,,,
Windermere -stillwater,UK Environment Agency,2005,2006,23,2,"lat', 'long', 'chla', 'TP', 'temp'",49.74527615,mesotrophic,54.27371103,-2.95463779,Eskdalemuir,1283,GEBA,55.31666667,-3.2,117.1690308,1956,2017,62,month
Windermere -north basin (wfd),UK Environment Agency,2007,2019,147,13,"lat', 'long', 'chla', 'TP', 'temp'",45.31011032,mesotrophic,54.4007106,-2.95606298,Eskdalemuir,1283,GEBA,55.31666667,-3.2,103.1612409,1956,2017,62,month
Winderemere -south basin (wfd),UK Environment Agency,2007,2019,152,13,"lat', 'long', 'chla', 'TP', 'temp'",49.07992844,mesotrophic,54.31581004,-2.95103246,Eskdalemuir,1283,GEBA,55.31666667,-3.2,112.5590161,1956,2017,62,month
Wroxham broad,UK Environment Agency,2000,2019,224,20,"lat', 'long', 'chla', 'TP', 'temp'",67.02221835,eutrophic,52.69873057,1.41588324,London Weather C.,1299,GEBA,51.51666667,-0.116666667,168.2904934,1958,2006,49,month
Waynewood lake,Environmental data initiative,1989,2019,79,31,"chla', 'secchi', 'TP', 'DOC', 'NO3', 'NH4', 'temp', 'PAR', 'SRP'",54.50233668,eutrophic,41.395565,-75.362898,Rock Springs,PSU,BSRN,40.72,-77.9333,228.7155613,1998,,22,day
West long lake,Environmental Data Initiative,1989,2006,187,18,"chla', 'Depth', 'DIC'",51.76312934,eutrophic,46.24,-89.5,,,,,,,,,,
Whirlpool lake,Open Canada,1980,1987,69,8,"chla', 'Depth'",49.26391791,mesotrophic,50.715399,-99.791397,,,,,,,,,,
Windermere -north basin,UK Centre for Ecology and Hydrology,1964,2013,1860,50,"chla', 'secchi', 'TP', 'pH', 'NO3', 'NH4', 'temp'",47.43837101,mesotrophic,54.385072,-2.937148,Eskdalemuir,1283,GEBA,55.31666667,-3.2,105.0709412,1956,2017,62,month
Windermere -south basin,UK Centre for Ecology and Hydrology,1964,2013,1859,50,"chla', 'secchi', 'TP', 'pH', 'NO3', 'NH4', 'temp'",51.78342413,eutrophic,54.33,-2.94,Eskdalemuir,1283,GEBA,55.31666667,-3.2,111.0998239,1956,2017,62,month
Wingra,North Temperate Lakes LTER,1999,2018,250,20,"chla', 'Depth'",58.85549072,eutrophic,43.053,-89.425,Madison,480,GEBA,43.13333333,-89.33333333,11.6339588,1950,2006,48,month
Ymsen,VISS,1996,2009,36,14,"chla', 'Depth'",62.07527446,eutrophic,58.66694638,13.96804143,Karlstad,2101,GEBA,59.36666667,13.46666667,83.09640168,1983,2017,35,month
Hamilton harbour,Open Canada,1987,2018,816,32,"lat', 'long', 'chla', 'TP', 'DOC', 'TKN', 'Depth', 'DIC', 'POC', 'SRP'",55.27744659,eutrophic,43.29722,-79.79917,,,,,,,,,,
Kasumigaura,GEMS,1977,2017,332,41,"chla', 'Depth', 'POC'",74.97970703,hypereutrophic,36.051455,140.378388,,,,,,,,,,
Taihu,,1992,2018,309,27,"chla', 'TP', 'TN'",67.97317403,eutrophic,31.270767,120.21876,,,,,,,,,,
Lake winnipeg,"Lake Winnipeg Datastream, CanWIN data HUB",2001,2009,328,9,"chla', 'secchi', 'TP', 'pH', 'NO2', 'NO3', 'NH4', 'temp', 'SRP'",52.63462679,eutrophic,50.388,-96.81,,,,,,,,,,
Älgsjön,VISS,1997,2010,112,14,"chla', 'Depth'",56.20414061,eutrophic,59.20618398,17.08794974,Stockholm,1414,GEBA,59.35,17.95,51.69146648,1922,2017,96,month
Öljaren,VISS,2017,2018,17,2,"chla', 'Depth'",57.77743176,eutrophic,59.15881,15.95425,Norrkoepping,2103,GEBA,58.58333333,16.25,66.33555913,1988,2010,23,month
Östra Ringsjön,VISS,1975,2019,394,45,"chla', 'Depth'",63.46402669,eutrophic,55.87356246,13.48999996,Lund,2102,GEBA,55.71666667,13.21666667,24.47585141,1988,2017,30,month
Övre Skärsjön,VISS,1996,2019,152,24,"chla', 'Depth'",38.90738096,oligotrophic,59.83687382,15.5504245,Borlaenge,2099,GEBA,60.43333333,15.5,66.51333238,1988,2013,26,month
