lake,start_sampling,end_sampling,days_sampled,years_sampled,tsi,trophic_status,lake_lat,lake_long,Country,database_s,variables,ssr_statio,lake_area,lake_vol,lake_depth,ssr_id,ssr_source,ssr_lat,ssr_long,ssr_lake_d,ssr_start,ssr_end,ssr_years_,ssr_origin,climate_zone
Alderfen broad N.,2000,2019,208,20,60.35139228,eutrophic,52.724,1.486,United Kingdom,UK Environment Agency,"lat', 'long', 'chla', 'TP', 'temp'",London Weather C.,,,,1299,GEBA,51.51666667,-0.116666667,173.4469664,1958,2006,49,month,10
Alderfen inflow,2004,2019,178,16,53.49741509,eutrophic,52.726,1.481,United Kingdom,UK Environment Agency,"lat', 'long', 'chla', 'TP', 'temp'",London Weather C.,,,,1299,GEBA,51.51666667,-0.116666667,173.4242541,1958,2006,49,month,10
Alfhildsgrund W.,1974,1978,13,5,34.44695258,oligotrophic,58.735,12.55,Sweden,Water Information System Sweden (VISS),"chla', 'Depth'",Karlstad,5486.23,153000,27.9,2101,GEBA,59.36666667,13.46666667,87.84472264,1983,2017,35,month,7
Allequash lake,1981,2018,641,38,49.56095182,mesotrophic,46.038,-89.701,United States of America,North Temperate Lakes LTER,"chla', 'Depth'",Madison,,,,480,GEBA,43.13333333,-89.33333333,324.0940343,1950,2006,48,month,7
Allgunnen,1995,2008,56,14,47.03593176,mesotrophic,57.223,14.615,Sweden,Water Information System Sweden (VISS),"chla', 'Depth'",Vaexjoe / Kronoberg,13.65,121.8,8.9,2106,GEBA,56.93333333,14.73333333,32.99882758,1983,2017,35,month,7
Alton water,2003,2006,40,4,54.37015394,eutrophic,51.995,1.111,United Kingdom,UK Environment Agency,"lat', 'long', 'chla', 'TP', 'temp'",London Weather C.,1.23,9.1,7.4,1299,GEBA,51.51666667,-0.116666667,100.118718,1958,2006,49,month,10
Anglesey outflow,2004,2019,98,16,54.67658132,eutrophic,52.663,-1.941,United Kingdom,UK Environment Agency,"lat', 'long', 'chla', 'TP', 'temp'",London Weather C.,,,,1299,GEBA,51.51666667,-0.116666667,178.6122211,1958,2006,49,month,10
Aqualate mere,2004,2019,179,16,63.60603473,eutrophic,52.778,-2.333,United Kingdom,UK Environment Agency,"lat', 'long', 'chla', 'TP', 'temp'",Aberporth,0.5,1.74,3.5,1293,GEBA,52.13333333,-4.566666667,167.906684,1957,2017,61,month,10
Attenborough,2007,2019,115,13,68.84200876,eutrophic,52.896,-1.24,United Kingdom,UK Environment Agency,"lat', 'long', 'chla', 'TP', 'temp'",London Weather C.,0.43,0.7,1.6,1299,GEBA,51.51666667,-0.116666667,171.5895941,1958,2006,49,month,10
Baptiste lake N.,1983,2017,135,35,65.0169751,eutrophic,54.783,-113.55,Canada,Alberta Environment and Parks data repository,"lat', 'long', 'chla', 'secchi', 'TP', 'DOC', 'pH', 'TKN', 'NO2', 'NO3', 'NH4'",Oliver AGDM,9.44,90.38,9.6,3014921,Climate ID,53.6466,-113.3546,127.1686413,2005,2020,16,day,7
Baptiste lake S.,1983,2017,135,35,64.56839275,eutrophic,54.75,-113.55,Canada,Alberta Environment and Parks data repository,"lat', 'long', 'chla', 'secchi', 'TP', 'DOC', 'pH', 'TKN', 'NO2', 'NO3', 'NH4'",Oliver AGDM,9.44,90.38,9.6,3014921,Climate ID,53.6466,-113.3546,123.4781532,2005,2020,16,day,7
Barken S.,1980,1980,6,1,50.89659807,eutrophic,60.009,15.651,Sweden,Water Information System Sweden (VISS),"chla', 'Depth'",Borlaenge,34.77,500.81,14.4,2099,GEBA,60.43333333,15.5,48.04883058,1988,2013,26,month,7
Barton broad E.,2000,2019,237,20,68.11863065,eutrophic,52.745,1.497,United Kingdom,UK Environment Agency,"lat', 'long', 'chla', 'TP', 'temp'",London Weather C.,0.51,1.12,2.2,1299,GEBA,51.51666667,-0.116666667,175.7247286,1958,2006,49,month,10
Barton broad inflow,2005,2019,167,15,60.81951481,eutrophic,52.75,1.498,United Kingdom,UK Environment Agency,"lat', 'long', 'chla', 'TP', 'temp'",London Weather C.,,,,1299,GEBA,51.51666667,-0.116666667,176.2120509,1958,2006,49,month,10
Barton broad outflow,2000,2019,231,20,67.93922465,eutrophic,52.736,1.499,United Kingdom,UK Environment Agency,"lat', 'long', 'chla', 'TP', 'temp'",London Weather C.,0.51,1.12,2.2,1299,GEBA,51.51666667,-0.116666667,175.0457111,1958,2006,49,month,10
Bassenthwaite,1990,2013,559,24,54.89159678,eutrophic,54.653,-3.25,United Kingdom,UK Centre for Ecology and Hydrology,"chla', 'secchi', 'TP', 'pH', 'NO3', 'NH4', 'temp'",Eskdalemuir,,,,1283,GEBA,55.31666667,-3.2,73.93603853,1956,2017,62,month,10
Bassenthwaite -england,2005,2019,162,15,49.63385666,mesotrophic,54.655,-3.221,United Kingdom,UK Environment Agency,"lat', 'long', 'chla', 'secchi', 'TP', 'temp'",Eskdalemuir,5,62.96,12.6,1283,GEBA,55.31666667,-3.2,73.63024006,1956,2017,62,month,10
Belhalm tarn,1964,2013,1779,50,57.71408305,eutrophic,54.396,-2.977,United Kingdom,UK Centre for Ecology and Hydrology,"chla', 'secchi', 'TP', 'pH', 'NO3', 'NH4', 'temp'",Eskdalemuir,,,,1283,GEBA,55.31666667,-3.2,103.468956,1956,2017,62,month,10
Belham tarn -england,2010,2019,113,10,54.34905737,eutrophic,54.398,-2.975,United Kingdom,UK Environment Agency,"lat', 'long', 'chla', 'TP'",Eskdalemuir,,,,1283,GEBA,55.31666667,-3.2,103.3349813,1956,2017,62,month,10
Bergundasjön N.,2001,2019,78,19,70.87371173,hypereutrophic,56.865,14.758,Sweden,Water Information System Sweden (VISS),"chla', 'Depth'",Vaexjoe / Kronoberg,6.51,41.5,6.4,2106,GEBA,56.93333333,14.73333333,7.748508813,1983,2017,35,month,7
Betley mere,2006,2008,70,3,72.70166675,hypereutrophic,53.028,-2.376,United Kingdom,UK Environment Agency,"lat', 'long', 'chla', 'TP', 'temp'",Aberporth,,,,1293,GEBA,52.13333333,-4.566666667,178.7409841,1957,2017,61,month,10
Betley mere inlet,2017,2019,29,3,66.44891555,eutrophic,53.029,-2.378,United Kingdom,UK Environment Agency,"lat', 'long', 'chla', 'TP', 'temp'",Aberporth,,,,1293,GEBA,52.13333333,-4.566666667,178.7230023,1957,2017,61,month,10
Betley mere jetty,2017,2019,35,3,71.64087758,hypereutrophic,53.029,-2.374,United Kingdom,UK Environment Agency,"lat', 'long', 'chla', 'TP', 'temp'",Aberporth,,,,1293,GEBA,52.13333333,-4.566666667,178.9364148,1957,2017,61,month,10
Big Muskellunge lake,1981,2018,641,38,40.24658203,mesotrophic,46.021,-89.612,United States of America,North Temperate Lakes LTER,"chla', 'Depth'",Madison,3.48,22.52,6.5,480,GEBA,43.13333333,-89.33333333,321.6494515,1950,2006,48,month,7
Björkesåkrasjön,1997,2019,84,23,58.60585111,eutrophic,55.529,13.404,Sweden,Water Information System Sweden (VISS),"chla', 'Depth'",Lund,0.62,1.89,3,2102,GEBA,55.71666667,13.21666667,24.02204896,1988,2017,30,month,7
Björkfjärden SE.,1966,2019,255,54,46.25162536,mesotrophic,59.29,17.52,Sweden,Water Information System Sweden (VISS),"chla', 'Depth'",Stockholm,1083.13,14000,12.9,1414,GEBA,59.35,17.95,25.37906459,1922,2017,96,month,7
Björsund,1996,2000,54,5,57.51222271,eutrophic,59.469,16.698,Sweden,Water Information System Sweden (VISS),"chla', 'Depth'",Norrkoepping,1083.13,14000,12.9,2103,GEBA,58.58333333,16.25,101.9984908,1988,2010,23,month,7
Blacken lake,1967,2019,257,53,52.60604885,eutrophic,59.474,16.544,Sweden,Water Information System Sweden (VISS),"chla', 'Depth'",Norrkoepping,1083.13,14000,12.9,2103,GEBA,58.58333333,16.25,100.602599,1988,2010,23,month,7
Blagdon lake,2005,2019,159,15,59.00923698,eutrophic,51.34,-2.711,United Kingdom,UK Environment Agency,"lat', 'long', 'chla', 'TP', 'temp'",Aberporth,1.51,6.16,4.1,1293,GEBA,52.13333333,-4.566666667,155.6197141,1957,2017,61,month,10
Blanksjön,2005,2010,46,6,39.32073899,oligotrophic,56.212,15.178,Sweden,Water Information System Sweden (VISS),"chla', 'Depth'",Vaexjoe / Kronoberg,0.2,0.64,3.2,2106,GEBA,56.93333333,14.73333333,84.82055057,1983,2017,35,month,7
Blea tarn,2007,2010,38,4,41.08390313,mesotrophic,54.429,-3.092,United Kingdom,UK Environment Agency,"lat', 'long', 'chla', 'TP', 'temp'",Eskdalemuir,,,,1283,GEBA,55.31666667,-3.2,99.04925922,1956,2017,62,month,10
Bowyers water,2007,2019,148,13,56.32154581,eutrophic,51.693,-0.025,United Kingdom,UK Environment Agency,"lat', 'long', 'chla', 'TP'",London Weather C.,0.12,0.13,1.1,1299,GEBA,51.51666667,-0.116666667,20.6196204,1958,2006,49,month,10
Bromlee lough overflow,2015,2018,47,4,47.38788208,mesotrophic,55.021,-2.334,United Kingdom,UK Environment Agency,"lat', 'long', 'chla', 'TP'",Eskdalemuir,0.21,0.72,3.4,1283,GEBA,55.31666667,-3.2,64.21858286,1956,2017,62,month,7
Brotherswater,2005,2019,151,15,37.98119325,oligotrophic,54.505,-2.924,United Kingdom,UK Environment Agency,"lat', 'long', 'chla', 'secchi', 'TP', 'temp'",Eskdalemuir,0.2,1.53,7.9,1283,GEBA,55.31666667,-3.2,92.07637664,1956,2017,62,month,7
Brunnsjön,1996,2019,150,24,46.35779966,mesotrophic,60.272,15.97,Sweden,Water Information System Sweden (VISS),"chla', 'Depth'",Borlaenge,1.4,11.11,7.9,2099,GEBA,60.43333333,15.5,31.57149883,1988,2013,26,month,7
Buck lake,1983,1991,19,9,61.76379168,eutrophic,52.983,-114.767,Canada,Alberta Environment and Parks data repository,"lat', 'long', 'chla', 'secchi', 'TP', 'DOC', 'pH', 'TKN', 'NO2', 'NH4'",EDMONTON STONY PLAIN,25.8,195.87,7.6,301222F,ECCC,53.55,-114.11,76.79114165,1966,2006,40,day,7
Buffalo lake main,1985,2000,42,16,53.83789191,eutrophic,52.483,-112.867,Canada,Alberta Environment and Parks data repository,"lat', 'long', 'chla', 'secchi', 'TP', 'DOC', 'pH', 'TKN', 'NO2', 'NO3', 'NH4'",Three Hills AGCM,86.19,338.33,3.9,3026479,Climate ID,51.7673,-113.2058,82.98849995,2005,2020,16,day,7
Burghfield lake,2007,2009,30,3,54.66407295,eutrophic,51.425,-1.016,United Kingdom,UK Environment Agency,"lat', 'long', 'chla', 'TP', 'temp'",London Weather C.,0.24,0.25,1,1299,GEBA,51.51666667,-0.116666667,63.30730828,1958,2006,49,month,10
Buttermere,2005,2019,177,15,37.93594732,oligotrophic,54.536,-3.28,United Kingdom,UK Environment Agency,"lat', 'long', 'chla', 'TP', 'temp'",Eskdalemuir,,,,1283,GEBA,55.31666667,-3.2,87.09831494,1956,2017,62,month,10
Bösjön,1996,2019,152,24,34.72282215,oligotrophic,61.324,14.292,Sweden,Water Information System Sweden (VISS),"chla', 'Depth'",Borlaenge,1.17,13.54,11.6,2099,GEBA,60.43333333,15.5,118.9479003,1988,2013,26,month,7
Calling lake,1988,1988,6,1,59.55354806,eutrophic,55.25,-113.333,Canada,Alberta Environment and Parks data repository,"lat', 'long', 'chla', 'secchi', 'TP', 'DOC', 'pH', 'TKN', 'NH4'",Oliver AGDM,138.13,2912.11,21.1,3014921,Climate ID,53.6466,-113.3546,178.4850959,2005,2020,16,day,7
Carr,2006,2019,111,14,59.43659142,eutrophic,52.814,-1.441,United Kingdom,UK Environment Agency,"lat', 'long', 'chla', 'TP', 'temp'",London Weather C.,0.65,3.29,5.1,1299,GEBA,51.51666667,-0.116666667,170.4307469,1958,2006,49,month,10
Carsington water,2010,2019,111,10,43.97901364,mesotrophic,53.048,-1.635,United Kingdom,UK Environment Agency,"lat', 'long', 'chla', 'TP'",London Weather C.,2.9,35,12.1,1299,GEBA,51.51666667,-0.116666667,199.39762,1958,2006,49,month,10
Castle water,2006,2010,55,5,56.84814828,eutrophic,50.93,0.739,United Kingdom,UK Environment Agency,"lat', 'long', 'chla', 'TP', 'temp'",London Weather C.,,,,1299,GEBA,51.51666667,-0.116666667,88.5105825,1958,2006,49,month,10
Central long lake,1992,1995,49,4,56.15345677,eutrophic,45.613,-79.009,United States of America,Environmental Data Initiative,"chla', 'Depth'",,,,,,,,,,,,,,7
Chapel mere,2006,2008,56,3,63.78030057,eutrophic,53.062,-2.688,United Kingdom,UK Environment Agency,"lat', 'long', 'chla', 'TP', 'temp'",Aberporth,,,,1293,GEBA,52.13333333,-4.566666667,163.9562249,1957,2017,61,month,10
Clear lake,1980,2017,216,38,47.67074346,mesotrophic,50.679,-100.007,Canada,North Temperate Lakes LTER,"chla', 'Depth'",,31.13,388.24,12.5,,,,,,,,,,7
Clear lake- alms,2002,2008,30,7,58.75635839,eutrophic,50.15,-113.417,,,,,,,,,,,,,,,,,8
Coal lake,1984,1985,12,2,67.5863233,eutrophic,53.056,-113.253,Canada,Alberta Environment and Parks data repository,"'lat', 'long', 'chla', 'TP', 'DOC', 'pH', 'TKN', 'NO2', 'NH4'",Oliver AGDM,9.78,156.39,16,3014921,Climate ID,53.6466,-113.3546,66.12704442,2005,2020,16,day,7
Cockshoot broad,2000,2019,208,20,61.98504528,eutrophic,52.686,1.468,United Kingdom,UK Environment Agency,"lat', 'long', 'chla', 'TP', 'temp'",London Weather C.,,,,1299,GEBA,51.51666667,-0.116666667,169.5046238,1958,2006,49,month,10
Cole mere,2013,2019,78,7,65.66024292,eutrophic,52.895,-2.851,United Kingdom,UK Environment Agency,"lat', 'long', 'chla', 'TP'",Aberporth,0.29,0.82,2.8,1293,GEBA,52.13333333,-4.566666667,144.067265,1957,2017,61,month,10
Colliford lake,2008,2019,119,12,66.13321733,eutrophic,50.51,-4.573,United Kingdom,UK Environment Agency,"lat', 'long', 'chla', 'TP'",Camborne,3.27,29.1,8.9,1303,GEBA,50.21666667,-5.316666667,62.20675539,1964,2017,37,month,10
Comber mere,2005,2019,134,15,62.48685476,eutrophic,52.995,-2.601,United Kingdom,UK Environment Agency,"lat', 'long', 'chla', 'TP', 'temp'",Aberporth,,,,1293,GEBA,52.13333333,-4.566666667,164.211542,1957,2017,61,month,10
Coniston water,2005,2019,167,15,42.81869017,mesotrophic,54.353,-3.066,United Kingdom,UK Environment Agency,"lat', 'long', 'chla', 'secchi', 'TP', 'temp'",Eskdalemuir,4.31,53.28,12.4,1283,GEBA,55.31666667,-3.2,107.616838,1956,2017,62,month,10
Coniston water -stillwater,2005,2006,22,2,44.67711745,mesotrophic,54.3,-3.093,United Kingdom,UK Environment Agency,"lat', 'long', 'chla', 'TP', 'temp'",Eskdalemuir,4.31,53.28,12.4,1283,GEBA,55.31666667,-3.2,113.3387976,1956,2017,62,month,10
Constance untersee -rhein river,1998,2019,538,22,42.21644755,mesotrophic,47.652,8.895,Switzerland,LUBW data and map service,"chla', 'Ost', 'Nord'",Zuerich-Kloten,522.02,49000,93.9,1572,GEBA,47.48333333,8.533333333,33.00617262,1959,2017,48,month,7
Cotswold lake 12,2011,2019,108,9,47.70865157,mesotrophic,51.67,-1.909,United Kingdom,UK Environment Agency,"lat', 'long', 'chla', 'TP'",London Weather C.,1.69,2.02,1.2,1299,GEBA,51.51666667,-0.116666667,125.3575422,1958,2006,49,month,10
Cotswold lake 12 outflow,2004,2007,39,4,47.13425307,mesotrophic,51.668,-1.907,United Kingdom,UK Environment Agency,"lat', 'long', 'chla', 'TP', 'temp'",London Weather C.,1.69,2.02,1.2,1299,GEBA,51.51666667,-0.116666667,125.1769468,1958,2006,49,month,10
Crag lough,2015,2019,56,5,52.7403367,eutrophic,55.006,-2.362,United Kingdom,UK Environment Agency,"lat', 'long', 'chla', 'TP'",Eskdalemuir,,,,1283,GEBA,55.31666667,-3.2,63.63884884,1956,2017,62,month,7
Cromes broad,2001,2019,204,19,62.12689682,eutrophic,52.722,1.514,United Kingdom,UK Environment Agency,"lat', 'long', 'chla', 'TP', 'temp'",London Weather C.,,,,1299,GEBA,51.51666667,-0.116666667,174.5206397,1958,2006,49,month,10
Crose mere S.,2004,2019,182,16,64.11957149,eutrophic,52.871,-2.848,United Kingdom,UK Environment Agency,"lat', 'long', 'chla', 'TP', 'temp'",Aberporth,0.15,0.33,2.2,1293,GEBA,52.13333333,-4.566666667,142.625438,1957,2017,61,month,10
Crystal bog,1981,2018,633,38,66.68300691,eutrophic,46.008,-89.606,United States of America,North Temperate Lakes LTER,"chla', 'Depth'",Madison,,,,480,GEBA,43.13333333,-89.33333333,320.1755277,1950,2006,48,month,7
Crystal lake,1981,2018,663,38,37.65703383,oligotrophic,46.003,-89.612,United States of America,North Temperate Lakes LTER,"chla', 'Depth'",Madison,0.32,1.13,3.5,480,GEBA,43.13333333,-89.33333333,319.6537359,1950,2006,48,month,7
Derwentwater,1990,2013,566,24,46.86655714,mesotrophic,54.575,-3.146,United Kingdom,UK Centre for Ecology and Hydrology,"chla', 'secchi', 'TP', 'pH', 'NO3', 'NH4', 'temp'",Eskdalemuir,4.97,53.37,10.7,1283,GEBA,55.31666667,-3.2,82.60477095,1956,2017,62,month,10
Derwentwater -england,2007,2019,149,13,43.96636183,mesotrophic,54.579,-3.146,United Kingdom,UK Environment Agency,"lat', 'long', 'chla', 'TP', 'temp'",Eskdalemuir,4.97,53.37,10.7,1283,GEBA,55.31666667,-3.2,82.21570167,1956,2017,62,month,10
Driedmeat lake -site 2,1984,1999,13,16,68.59062076,eutrophic,52.892,-112.788,Canada,Alberta Environment and Parks data repository,"'lat', 'long', 'chla', 'secchi', 'TP', 'DOC', 'pH', 'TKN', 'NO2', 'NH4'",Oliver AGDM,12.41,17.9,1.4,3014921,Climate ID,53.6466,-113.3546,92.1429985,2005,2020,16,day,7
Eagle lake,1988,1988,11,1,65.28497465,eutrophic,51,-113.317,Canada,Alberta Environment and Parks data repository,"'lat', 'long', 'chla', 'secchi', 'TP', 'DOC', 'pH', 'TKN', 'NO2', 'NO3', 'NH4'",Strathmore IMCIN,11.97,23.73,2,3036205,Climate ID,51.0387,-113.2897,4.702886969,2005,2020,16,day,8
East long lake,1989,2006,173,18,60.27541829,eutrophic,46.24,-89.5,United States of America,Environmental Data Initiative,"chla', 'Depth', 'DIC'",,0.65,2.39,3.7,,,,,,,,,,7
Ekoln Vreta Udd,1966,2019,279,54,54.69847104,eutrophic,59.758,17.594,Sweden,Water Information System Sweden (VISS),"chla', 'Depth'",Stockholm,1083.13,14000,12.9,1414,GEBA,59.35,17.95,49.70825978,1922,2017,96,month,7
Ekoln special,1967,1969,79,3,54.96139979,eutrophic,59.787,17.616,Sweden,Water Information System Sweden (VISS),"chla', 'Depth'",Stockholm,1083.13,14000,12.9,1414,GEBA,59.35,17.95,52.26323437,1922,2017,96,month,7
Elterwater -inner basin,2005,2019,147,15,59.42339288,eutrophic,54.429,-3.035,United Kingdom,UK Environment Agency,"lat', 'long', 'chla', 'secchi', 'TP', 'temp'",Eskdalemuir,,,,1283,GEBA,55.31666667,-3.2,99.35342416,1956,2017,62,month,10
Elterwater -middle basin,2005,2019,142,15,53.08592719,eutrophic,54.429,-3.03,United Kingdom,UK Environment Agency,"lat', 'long', 'chla', 'secchi', 'TP', 'temp'",Eskdalemuir,,,,1283,GEBA,55.31666667,-3.2,99.4456995,1956,2017,62,month,10
Elterwater -outer basin,2005,2019,148,15,42.94738519,mesotrophic,54.428,-3.025,United Kingdom,UK Environment Agency,"lat', 'long', 'chla', 'secchi', 'TP', 'temp'",Eskdalemuir,,,,1283,GEBA,55.31666667,-3.2,99.56553494,1956,2017,62,month,10
Elterwater -stillwater,2005,2006,23,2,41.54932315,mesotrophic,54.427,-3.023,United Kingdom,UK Environment Agency,"lat', 'long', 'chla', 'TP', 'temp'",Eskdalemuir,,,,1283,GEBA,55.31666667,-3.2,99.64790136,1956,2017,62,month,10
Ennerdale water -bowness knott,2007,2019,148,13,35.41165799,oligotrophic,54.52,-3.373,United Kingdom,UK Environment Agency,"lat', 'long', 'chla', 'TP', 'temp'",Eskdalemuir,2.79,47.93,17.2,1283,GEBA,55.31666667,-3.2,89.38717607,1956,2017,62,month,10
Esthwaite water,1964,2013,1827,50,60.25868843,eutrophic,54.362,-2.986,United Kingdom,UK Centre for Ecology and Hydrology,"chla', 'secchi', 'TP', 'pH', 'NO3', 'NH4', 'temp'",Eskdalemuir,0.71,3.61,5.1,1283,GEBA,55.31666667,-3.2,107.1190084,1956,2017,62,month,10
Esthwaite water -lakes tour,2013,2014,13,2,53.75285615,eutrophic,54.363,-2.988,United Kingdom,UK Environment Agency,"lat', 'long', 'chla', 'TP'",Eskdalemuir,0.71,3.61,5.1,1283,GEBA,55.31666667,-3.2,107.0684037,1956,2017,62,month,10
Ethel Lake -cold lake,1980,2017,168,38,50.54059637,eutrophic,54.53,-110.354,Canada,Alberta Environment and Parks data repository,"'lat', 'long', 'chla', 'secchi', 'TP', 'DOC', 'pH', 'TKN', 'NO2', 'NO3', 'NH4'",,4.88,30.48,6.2,,,,,,,,,,7
Experimental lake 114,1971,2019,536,49,50.53208283,eutrophic,49.4,-93.45,Canada,IISD-ELA,"chla', 'secchi', 'TP', 'DOC', 'temp', 'PAR'",ELA,0.44,2.26,5.2,MET,ELA,49.664,-93.7327,35.78997048,1968,2019,33,day,8
Experimental lake 224,1974,2019,454,46,34.3578906,oligotrophic,49.41,-93.43,Canada,IISD-ELA,"chla', 'secchi', 'TP', 'DOC', 'temp', 'PAR'",ELA,0.37,2.1,5.7,MET,ELA,49.664,-93.7327,35.75054381,1968,2019,33,day,8
Experimental lake 239,1969,2019,689,51,40.35195524,mesotrophic,49.41,-93.44,Canada,IISD-ELA,"chla', 'secchi', 'TP', 'DOC', 'temp', 'PAR'",ELA,0.37,2.1,5.7,MET,ELA,49.664,-93.7327,35.31158262,1968,2019,33,day,8
Experimental lake 442,1987,2019,269,33,39.24780878,oligotrophic,49.46,-93.49,Canada,IISD-ELA,"chla', 'secchi', 'TP', 'DOC', 'temp', 'PAR'",ELA,,,,MET,ELA,49.664,-93.7327,28.68931781,1968,2019,33,day,8
Figure eight lake,1989,1989,6,1,66.25455548,eutrophic,56.301,-117.903,Canada,Alberta Environment and Parks data repository,"'lat', 'long', 'chla', 'secchi', 'TP', 'DOC', 'pH', 'TKN', 'NO2', 'NH4'",,0.36,1.29,3.6,,,,,,,,,,7
Filby broad,2000,2019,284,20,61.99618434,eutrophic,52.662,1.638,United Kingdom,UK Environment Agency,"lat', 'long', 'chla', 'TP', 'temp'",Oostende / Airpt.,0.3,0.48,1.6,2415,GEBA,51.2,2.866666667,183.3537124,1975,2008,30,month,10
Fiolen,1996,2019,158,24,47.12515984,mesotrophic,57.092,14.53,Sweden,Water Information System Sweden (VISS),"chla', 'Depth'",Vaexjoe / Kronoberg,1.54,6.8,4.4,2106,GEBA,56.93333333,14.73333333,21.57286779,1983,2017,35,month,7
Fish lake,1999,2018,245,20,54.20553398,eutrophic,43.287,-89.652,United States of America,North Temperate Lakes LTER,"chla', 'Depth'",Madison,0.85,3.62,4.3,480,GEBA,43.13333333,-89.33333333,31.01663368,1950,2006,48,month,8
Fjällfotasjön,2015,2017,18,3,71.26143801,hypereutrophic,55.521,13.302,Sweden,Water Information System Sweden (VISS),"chla', 'Depth'",Lund,1.56,4.56,2.9,2102,GEBA,55.71666667,13.21666667,22.38733824,1988,2017,30,month,7
Fleet lake,2007,2019,149,13,53.16020618,eutrophic,51.408,-0.51,United Kingdom,UK Environment Agency,"lat', 'long', 'chla', 'TP', 'temp'",London Weather C.,0.17,0.19,1.1,1299,GEBA,51.51666667,-0.116666667,29.90942663,1958,2006,49,month,10
Fonthill lake -outlet,2004,2019,107,16,63.27968818,eutrophic,51.079,-2.09,United Kingdom,UK Environment Agency,"lat', 'long', 'chla', 'TP', 'temp'",London Weather C.,,,,1299,GEBA,51.51666667,-0.116666667,146.0268758,1958,2006,49,month,10
Fordwich lake,2007,2009,35,3,73.38877769,hypereutrophic,51.296,1.134,United Kingdom,UK Environment Agency,"lat', 'long', 'chla', 'TP', 'temp'",London Weather C.,0.12,0.26,2.2,1299,GEBA,51.51666667,-0.116666667,90.4265539,1958,2006,49,month,10
Fork lake,2005,2005,6,1,60.10192113,eutrophic,54.489,-111.586,Canada,Alberta Environment and Parks data repository,"'lat', 'long', 'chla', 'secchi', 'TP', 'DOC', 'pH', 'TKN', 'NO2', 'NH4'",Oliver AGDM,13.64,111.45,8.2,3014921,Climate ID,53.6466,-113.3546,149.0189396,2005,2020,16,day,7
Fritton lake -country park,2007,2009,34,3,69.49944535,eutrophic,52.542,1.653,United Kingdom,UK Environment Agency,"lat', 'long', 'chla', 'TP'",Oostende / Airpt.,0.33,0.97,2.9,2415,GEBA,51.2,2.866666667,171.1111626,1975,2008,30,month,10
Fritton lakes -lound mill,2010,2019,110,10,69.69412361,eutrophic,52.547,1.689,United Kingdom,UK Environment Agency,"lat', 'long', 'chla', 'TP', 'temp'",Oostende / Airpt.,,,,2415,GEBA,51.2,2.866666667,170.3737668,1975,2008,30,month,10
Funbosjön,2018,2018,7,1,64.65128251,eutrophic,59.86,17.86,Sweden,Water Information System Sweden (VISS),"chla', 'Depth'",Stockholm,,,,1414,GEBA,59.35,17.95,56.99827764,1922,2017,96,month,7
Galten,1966,2019,263,54,60.29448583,eutrophic,59.453,16.151,Sweden,Water Information System Sweden (VISS),"chla', 'Depth'",Norrkoepping,1083.13,14000,12.9,2103,GEBA,58.58333333,16.25,97.08600949,1988,2010,23,month,7
Galten W.,1970,1973,24,4,61.36104635,eutrophic,59.469,16.088,Sweden,Water Information System Sweden (VISS),"chla', 'Depth'",Norrkoepping,1083.13,14000,12.9,2103,GEBA,58.58333333,16.25,99.12334573,1988,2010,23,month,7
Garnsviken,2010,2010,10,1,50.18134794,eutrophic,59.514,18.262,Sweden,Water Information System Sweden (VISS),"chla', 'Depth'",Stockholm,1.94,18.81,9.7,1414,GEBA,59.35,17.95,25.46515829,1922,2017,96,month,7
Getasjön,2001,2008,13,8,52.82712036,eutrophic,56.669,15.569,Sweden,Water Information System Sweden (VISS),"chla', 'Depth'",Vaexjoe / Kronoberg,0.32,0.8,2.5,2106,GEBA,56.93333333,14.73333333,58.89195954,1983,2017,35,month,7
Geten,2007,2019,71,13,55.7174121,eutrophic,58.561,15.722,Sweden,Water Information System Sweden (VISS),"chla', 'Depth'",Norrkoepping,0.2,0.91,4.6,2103,GEBA,58.58333333,16.25,30.84225945,1988,2010,23,month,7
Giles lake,1989,2019,150,31,33.9405354,oligotrophic,41.376,-75.093,United States of America,Environmental Data Initiative,"chla', 'secchi', 'TP', 'DOC', 'NO3', 'NH4', 'temp', 'PAR', 'SRP'",Rock Springs,0.45,2.18,4.8,PSU,BSRN,40.72,-77.9333,249.6722886,1998,2019,22,day,10
Glan,1994,2008,67,15,51.55815415,eutrophic,58.2,15.959,Sweden,Water Information System Sweden (VISS),"chla', 'Depth'",Norrkoepping,0.64,3.16,4.9,2103,GEBA,58.58333333,16.25,45.95074383,1988,2010,23,month,7
Goose lake,1988,1995,51,8,63.33211047,eutrophic,54.318,-115.114,Canada,Alberta Environment and Parks data repository,"'lat', 'long', 'chla', 'secchi', 'TP', 'DOC', 'pH', 'TKN', 'NO2', 'NH4'",EDMONTON STONY PLAIN,3.06,16.23,5.3,301222F,ECCC,53.55,-114.11,107.9209359,1966,2006,40,day,7
Granfj. Djurgårds Udde,1967,2019,266,53,53.3941796,eutrophic,59.494,16.811,Sweden,Water Information System Sweden (VISS),"chla', 'Depth'",Norrkoepping,1083.13,14000,12.9,2103,GEBA,58.58333333,16.25,106.4786377,1988,2010,23,month,7
Grasmere,1971,2013,1163,43,52.77241068,eutrophic,54.449,-3.02,United Kingdom,UK Centre for Ecology and Hydrology,"chla', 'secchi', 'TP', 'pH', 'NO3', 'NH4', 'temp'",Eskdalemuir,0.52,3.57,6.9,1283,GEBA,55.31666667,-3.2,97.27352588,1956,2017,62,month,10
Grasmere -england,2005,2009,65,5,47.52268382,mesotrophic,54.45,-3.026,United Kingdom,UK Environment Agency,"lat', 'long', 'chla', 'secchi', 'TP', 'temp'",Eskdalemuir,0.52,3.57,6.9,1283,GEBA,55.31666667,-3.2,97.07687487,1956,2017,62,month,10
Grasmere -stillwater,2007,2019,151,13,50.69666481,eutrophic,54.449,-3.019,United Kingdom,UK Environment Agency,"lat', 'long', 'chla', 'TP', 'temp'",Eskdalemuir,0.52,3.57,6.9,1283,GEBA,55.31666667,-3.2,97.29837965,1956,2017,62,month,10
Great lake,2007,2019,116,13,69.71061149,eutrophic,53.25,-1.135,United Kingdom,UK Environment Agency,"lat', 'long', 'chla', 'TP', 'temp'",London Weather C.,0.33,1.17,3.6,1299,GEBA,51.51666667,-0.116666667,204.9592215,1958,2006,49,month,10
Great puckstone lake,2007,2019,149,13,63.51141217,eutrophic,51.305,1.17,United Kingdom,UK Environment Agency,"lat', 'long', 'chla', 'TP', 'temp'",London Weather C.,0.23,0.52,2.2,1299,GEBA,51.51666667,-0.116666667,92.53224264,1958,2006,49,month,10
Greatstone lake,2006,2019,159,14,63.85530432,eutrophic,50.958,0.958,United Kingdom,UK Environment Agency,"lat', 'long', 'chla', 'TP', 'temp'",London Weather C.,,,,1299,GEBA,51.51666667,-0.116666667,97.43136592,1958,2006,49,month,10
Green valley lake,2000,2019,115,20,44.50773331,mesotrophic,40.056,-105.617,United States of America,Knowledge Network for Biocomplexity (KNB),"chla', 'secchi', 'NO3', 'Depth', 'temp', 'PAR'",Boulder  (BSRN),,,,2353,GEBA,40.05,-105.9833333,31.24990078,1992,2015,24,month,7
Greenlee lough,2014,2018,60,5,51.66496273,eutrophic,55.019,-2.366,United Kingdom,UK Environment Agency,"lat', 'long', 'chla', 'TP'",Eskdalemuir,0.34,1.31,3.8,1283,GEBA,55.31666667,-3.2,62.65066718,1956,2017,62,month,7
Gregoire lake,1993,2005,20,13,51.47211201,eutrophic,56.444,-111.097,Canada,Alberta Environment and Parks data repository,"'lat', 'long', 'chla', 'secchi', 'TP', 'pH', 'TKN', 'NO2', 'NH4'",,26.68,255.16,9.6,,,,,,,,,,7
Grönskogssjön,1992,1998,26,7,48.35785143,mesotrophic,57.163,16.347,Sweden,Water Information System Sweden (VISS),"chla', 'Depth'",Norrkoepping,0.6,2,3.3,2103,GEBA,58.58333333,16.25,158.3299447,1988,2010,23,month,7
Grönsöfjärden Selaön,1967,1968,12,2,51.92334633,eutrophic,59.466,17.269,Sweden,Water Information System Sweden (VISS),"chla', 'Depth'",Stockholm,1083.13,14000,12.9,1414,GEBA,59.35,17.95,40.78987484,1922,2017,96,month,7
Gyltigesjön,1996,2009,100,14,42.62541328,mesotrophic,56.753,13.174,Sweden,Water Information System Sweden (VISS),"chla', 'Depth'",Lund,0.62,3.28,5.3,2102,GEBA,55.71666667,13.21666667,115.4409027,1988,2017,30,month,7
Gyslättasjön,1996,2010,119,15,52.18130023,eutrophic,57.108,14.448,Sweden,Water Information System Sweden (VISS),"chla', 'Depth'",Vaexjoe / Kronoberg,,,,2106,GEBA,56.93333333,14.73333333,26.03561279,1983,2017,35,month,7
Görväln S.,1967,2019,269,53,51.39610567,eutrophic,59.419,17.74,Sweden,Water Information System Sweden (VISS),"chla', 'Depth'",Stockholm,1083.13,14000,12.9,1414,GEBA,59.35,17.95,14.22432194,1922,2017,96,month,7
Hagsjön,2006,2010,38,5,44.21244709,mesotrophic,58.762,15.934,Sweden,Water Information System Sweden (VISS),"chla', 'Depth'",Norrkoepping,,,,2103,GEBA,58.58333333,16.25,27.08928775,1988,2010,23,month,7
Hamilton harbour,1987,2018,816,32,55.27744659,eutrophic,43.297,-79.799,United States of America,Open Canada,"lat', 'long', 'chla', 'TP', 'DOC', 'TKN', 'Depth', 'DIC', 'POC', 'SRP'",,19347.36,1640000,84.8,,,,,,,,,,8
Hardley flood,2007,2009,34,3,77.00092023,hypereutrophic,52.542,1.508,United Kingdom,UK Environment Agency,"lat', 'long', 'chla', 'TP'",Oostende / Airpt.,0.18,0.37,2.1,2415,GEBA,51.2,2.866666667,176.1816663,1975,2008,30,month,10
Hatch mere,2006,2014,104,9,67.00406391,eutrophic,53.244,-2.671,United Kingdom,UK Environment Agency,"lat', 'long', 'chla', 'secchi', 'TP', 'temp'",Eskdalemuir,,,,1283,GEBA,55.31666667,-3.2,233.2087093,1956,2017,62,month,10
Haunted lake,1997,1997,6,1,49.35680434,mesotrophic,52.404,-113.159,Canada,Alberta Environment and Parks data repository,"'lat', 'long', 'chla', 'secchi', 'TP', 'pH', 'TKN', 'NO2', 'NH4'",Three Hills AGCM,1.68,4.94,2.9,3026479,Climate ID,51.7673,-113.2058,70.96593267,2005,2020,16,day,7
Havgårdssjön,2015,2019,42,5,57.72877248,eutrophic,55.488,13.357,Sweden,Water Information System Sweden (VISS),"chla', 'Depth'",Lund,0.42,1.61,3.9,2102,GEBA,55.71666667,13.21666667,26.95185578,1988,2017,30,month,7
Hawes water -stillwater,2005,2019,170,15,47.5091983,mesotrophic,54.181,-2.801,United Kingdom,UK Environment Agency,"lat', 'long', 'chla', 'TP', 'temp'",Eskdalemuir,,,,1283,GEBA,55.31666667,-3.2,129.0055263,1956,2017,62,month,10
Heigham sound,2000,2019,251,20,68.05042641,eutrophic,52.726,1.605,United Kingdom,UK Environment Agency,"lat', 'long', 'chla', 'TP', 'temp'",Oostende / Airpt.,0.2,0.22,1.1,2415,GEBA,51.2,2.866666667,190.6992611,1975,2008,30,month,10
Hemfjärden,1968,1986,72,19,73.96049424,hypereutrophic,59.282,15.339,Sweden,Water Information System Sweden (VISS),"chla', 'Depth'",Norrkoepping,474.39,8077.22,17,2103,GEBA,58.58333333,16.25,93.83311882,1988,2010,23,month,7
Hickling broad,2000,2019,257,20,69.09778888,eutrophic,52.74,1.581,United Kingdom,UK Environment Agency,"lat', 'long', 'chla', 'TP', 'temp'",Oostende / Airpt.,1.04,0.71,0.7,2415,GEBA,51.2,2.866666667,192.76812,1975,2008,30,month,10
Hjulstabron W.,1980,2000,236,21,51.6313597,eutrophic,59.532,17.009,Sweden,Water Information System Sweden (VISS),"chla', 'Depth'",Stockholm,1083.13,14000,12.9,1414,GEBA,59.35,17.95,57.12231157,1922,2017,96,month,7
Horsey mere,2000,2019,231,20,63.93346039,eutrophic,52.741,1.627,United Kingdom,UK Environment Agency,"lat', 'long', 'chla', 'TP', 'temp'",Oostende / Airpt.,0.27,0.41,1.5,2415,GEBA,51.2,2.866666667,191.4671743,1975,2008,30,month,10
Hoveton great broad,2014,2019,60,6,68.98381028,eutrophic,52.697,1.428,United Kingdom,UK Environment Agency,"lat', 'long', 'chla', 'TP'",London Weather C.,,,,1299,GEBA,51.51666667,-0.116666667,168.6070817,1958,2006,49,month,10
Hoveton great broad -edge,2007,2013,51,7,69.33503118,eutrophic,52.692,1.426,United Kingdom,UK Environment Agency,"lat', 'long', 'chla', 'TP', 'temp'",London Weather C.,,,,1299,GEBA,51.51666667,-0.116666667,168.1058854,1958,2006,49,month,10
Hoveton little broad,2000,2003,35,4,65.0234639,eutrophic,52.705,1.443,United Kingdom,UK Environment Agency,"lat', 'long', 'chla', 'TP', 'temp'",London Weather C.,,,,1299,GEBA,51.51666667,-0.116666667,170.0063825,1958,2006,49,month,10
Hoveton little broad E.,2000,2019,64,20,71.13970701,hypereutrophic,52.706,1.448,United Kingdom,UK Environment Agency,"lat', 'long', 'chla', 'TP', 'temp'",London Weather C.,,,,1299,GEBA,51.51666667,-0.116666667,170.2662369,1958,2006,49,month,10
Hudson's bay E.,2014,2019,60,6,68.18878328,eutrophic,52.698,1.424,United Kingdom,UK Environment Agency,"lat', 'long', 'chla', 'TP'",London Weather C.,,,,1299,GEBA,51.51666667,-0.116666667,168.6025922,1958,2006,49,month,10
Hulingen,1992,1998,26,7,48.73334171,mesotrophic,57.478,15.856,Sweden,Water Information System Sweden (VISS),"chla', 'Depth'",Norrkoepping,6.85,37.78,5.5,2103,GEBA,58.58333333,16.25,125.27412,1988,2010,23,month,7
Häckebergasjön,1993,2019,108,27,69.11154143,eutrophic,55.582,13.427,Sweden,Water Information System Sweden (VISS),"chla', 'Depth'",Lund,0.54,1.94,3.6,2102,GEBA,55.71666667,13.21666667,19.9830853,1988,2017,30,month,7
Iosegun lake,1983,1983,7,1,63.69099151,eutrophic,54.467,-116.833,Canada,Alberta Environment and Parks data repository,"'lat', 'long', 'chla', 'TP', 'DOC', 'pH', 'TKN', 'NO2', 'NH4'",EDMONTON STONY PLAIN,13.49,76.87,5.7,301222F,ECCC,53.55,-114.11,205.624242,1966,2006,40,day,7
Isle lake,1983,1997,29,15,66.31671518,eutrophic,53.633,-114.733,Canada,Alberta Environment and Parks data repository,"'lat', 'long', 'chla', 'secchi', 'TP', 'DOC', 'pH', 'TKN', 'NO2', 'NH4'",EDMONTON STONY PLAIN,22.19,140.9,6.3,301222F,ECCC,53.55,-114.11,42.30332225,1966,2006,40,day,7
Jackfish lake,1980,1996,34,17,54.97212423,eutrophic,53.479,-114.256,Canada,Alberta Environment and Parks data repository,"'lat', 'long', 'chla', 'secchi', 'TP', 'DOC', 'pH', 'TKN', 'NO2', 'NO3', 'NH4'",EDMONTON STONY PLAIN,2.48,13.42,5.4,301222F,ECCC,53.55,-114.11,12.46513474,1966,2006,40,day,7
Kasumigaura,1977,2017,332,41,74.97970703,hypereutrophic,36.051,140.378,Japan,National Institute for Environmental Studies Biodiversity Area,"chla', 'Depth', 'POC'",,168.26,1182.9,7,,,,,,,,,,11
Kolsundet SE.,2001,2003,12,3,46.46999718,mesotrophic,59.355,17.295,Sweden,Water Information System Sweden (VISS),"chla', 'Depth'",Stockholm,1083.13,14000,12.9,1414,GEBA,59.35,17.95,37.25827033,1922,2017,96,month,7
Kolsundet W.,1967,1968,12,2,53.14345816,eutrophic,59.355,17.298,Sweden,Water Information System Sweden (VISS),"chla', 'Depth'",Stockholm,1083.13,14000,12.9,1414,GEBA,59.35,17.95,37.06809115,1922,2017,96,month,7
Krageholmssjön,1996,2019,21,24,66.0041482,eutrophic,55.496,13.762,Sweden,Water Information System Sweden (VISS),"chla', 'Depth'",Lund,1.89,9.04,4.8,2102,GEBA,55.71666667,13.21666667,42.22664654,1988,2017,30,month,7
Kvicksundsbron,1980,2000,243,21,55.75399654,eutrophic,59.45,16.314,Sweden,Water Information System Sweden (VISS),"chla', 'Depth'",Norrkoepping,1083.13,14000,12.9,2103,GEBA,58.58333333,16.25,96.59765244,1988,2010,23,month,7
Kyrkfjärden,1967,1968,12,2,52.31147404,eutrophic,59.435,18.19,Sweden,Water Information System Sweden (VISS),"chla', 'Depth'",Stockholm,2.09,13.62,6.5,1414,GEBA,59.35,17.95,16.57483884,1922,2017,96,month,7
Kyrksjön,2001,2001,6,1,53.94334758,eutrophic,56.535,15.601,Sweden,Water Information System Sweden (VISS),"chla', 'Depth'",Vaexjoe / Kronoberg,1.21,3.11,2.6,2106,GEBA,56.93333333,14.73333333,69.22318476,1983,2017,35,month,7
Källsjön,1997,2019,146,23,38.71517462,oligotrophic,61.634,16.736,Sweden,Water Information System Sweden (VISS),"chla', 'Depth'",Borlaenge,0.23,1.38,5.9,2099,GEBA,60.43333333,15.5,149.4893146,1988,2013,26,month,7
Kållen,1989,2008,42,20,60.26108307,eutrophic,57.167,15.394,Sweden,Water Information System Sweden (VISS),"chla', 'Depth'",Vaexjoe / Kronoberg,0.27,0.77,2.8,2106,GEBA,56.93333333,14.73333333,47.79432255,1983,2017,35,month,7
Kånkåstjärnen,2006,2010,38,5,36.53680018,oligotrophic,62.608,16.896,Sweden,Water Information System Sweden (VISS),"chla', 'Depth'",Oestersund,0.1,0.69,6.9,2104,GEBA,63.18333333,14.5,137.6726834,1983,2013,31,month,7
Lac la biche E.,1989,1989,6,1,63.756429,eutrophic,54.667,-112.033,Canada,Alberta Environment and Parks data repository,"'lat', 'long', 'chla', 'secchi', 'TP', 'DOC', 'pH', 'TKN', 'NO2', 'NH4'",Oliver AGDM,,,,3014921,Climate ID,53.6466,-113.3546,142.6217189,2005,2020,16,day,7
Lac la nonne,1988,2003,25,16,70.43970912,hypereutrophic,53.943,-114.314,Canada,Alberta Environment and Parks data repository,"'lat', 'long', 'chla', 'secchi', 'TP', 'DOC', 'pH', 'TKN', 'NO2', 'NH4'",EDMONTON STONY PLAIN,12.81,94.98,7.4,301222F,ECCC,53.55,-114.11,45.74982364,1966,2006,40,day,7
Lac saint cyr -whole lake,1983,1995,33,13,51.7948253,eutrophic,53.905,-111.19,Canada,Alberta Environment and Parks data repository,"'lat', 'long', 'chla', 'secchi', 'TP', 'DOC', 'pH', 'TKN', 'NO2', 'NH4'",Oliver AGDM,2.03,10.2,5,3014921,Climate ID,53.6466,-113.3546,145.5699502,2005,2020,16,day,7
Lac ste. Anne E.,1984,1997,40,14,66.75966307,eutrophic,53.708,-114.4,Canada,Alberta Environment and Parks data repository,"'lat', 'long', 'chla', 'secchi', 'TP', 'DOC', 'pH', 'TKN', 'NO2', 'NH4'",EDMONTON STONY PLAIN,55.83,403.49,7.2,301222F,ECCC,53.55,-114.11,26.05020938,1966,2006,40,day,7
Lac ste. Anne W.,1984,1997,30,14,67.62205419,eutrophic,53.717,-114.5,Canada,Alberta Environment and Parks data repository,"'lat', 'long', 'chla', 'secchi', 'TP', 'DOC', 'pH', 'TKN', 'NO2', 'NH4'",EDMONTON STONY PLAIN,55.83,403.49,7.2,301222F,ECCC,53.55,-114.11,31.77540372,1966,2006,40,day,7
Lacawac,1989,2019,170,31,45.12764593,mesotrophic,41.381,-75.292,United Kingdom,Environmental data initiative,"chla', 'secchi', 'TP', 'DOC', 'NO3', 'NH4', 'temp', 'PAR', 'SRP'",Rock Springs,,,,PSU,BSRN,40.72,-77.9333,233.8865011,1998,2019,22,day,7
Lake McGregor,1983,1984,22,2,52.01002868,eutrophic,50.543,-112.896,Canada,Alberta Environment and Parks data repository,"'lat', 'long', 'chla', 'secchi', 'TP', 'DOC', 'pH', 'TKN', 'NO2', 'NH4'",Enchant IMCIN,42.21,326.1,7.7,3032422,Climate ID,50.172,-112.4364,52.66431321,2005,2020,16,day,8
Lake erie -cruise,2000,2017,120,18,41.23244325,mesotrophic,42.791,-79.208,United States of America,Open Canada,"lat', 'long', 'chla', 'secchi', 'TP', 'pH', 'TKN', 'Depth', 'temp', 'Depth_to', 'POC', 'SRP'",Rock Springs,25767.79,499000,19.4,PSU,BSRN,40.72,-77.9333,253.3001923,1998,2019,22,day,10
Lake huron,2000,2018,129,19,31.04467596,oligotrophic,43.09,-82.392,United States of America,Open Canada,"lat', 'long', 'chla', 'secchi', 'TP', 'pH', 'TKN', 'Depth', 'temp', 'Depth_to', 'POC', 'SRP'",,59399.3,3550000,59.8,,,,,,,,,,8
Lake mendota,1999,2018,269,20,54.51344062,eutrophic,43.099,-89.405,United States of America,North Temperate Lakes LTER,"chla', 'Depth'",Madison,41.12,197.4,4.8,480,GEBA,43.13333333,-89.33333333,6.969185027,1950,2006,48,month,8
Lake newell,1983,1984,23,2,54.28105451,eutrophic,50.433,-111.917,Canada,Alberta Environment and Parks data repository,"'lat', 'long', 'chla', 'secchi', 'TP', 'DOC', 'pH', 'TKN', 'NO2', 'NH4'",Rolling Hills AGCM,61.28,115.59,1.9,3035530,Climate ID,50.2651,-111.7011,24.19910807,2005,2020,15,day,8
Lake ontario,2001,2018,124,18,39.2304471,oligotrophic,43.314,-79.751,United States of America,Open Canada,"lat', 'long', 'chla', 'secchi', 'TP', 'pH', 'TKN', 'Depth', 'temp', 'Depth_to', 'POC', 'SRP'",,19347.36,1640000,84.8,,,,,,,,,,8
Lambarfjärden,1967,1978,60,12,49.99061433,mesotrophic,59.359,17.795,Sweden,Water Information System Sweden (VISS),"chla', 'Depth'",Stockholm,1083.13,14000,12.9,1414,GEBA,59.35,17.95,8.851498518,1922,2017,96,month,7
Levrasjön,1998,2017,72,20,45.16237035,mesotrophic,56.104,14.491,Sweden,Water Information System Sweden (VISS),"chla', 'Depth'",Vaexjoe / Kronoberg,2.59,12.72,4.9,2106,GEBA,56.93333333,14.73333333,93.53789967,1983,2017,35,month,7
Lien,1996,2009,111,14,38.19314742,oligotrophic,59.811,15.521,Sweden,Water Information System Sweden (VISS),"chla', 'Depth'",Borlaenge,1.4,8.87,6.4,2099,GEBA,60.43333333,15.5,69.31679378,1988,2013,26,month,7
Lillasjön,2006,2010,38,5,44.28309224,mesotrophic,56.96,15.398,Sweden,Water Information System Sweden (VISS),"chla', 'Depth'",Vaexjoe / Kronoberg,0.57,2.33,4.1,2106,GEBA,56.93333333,14.73333333,40.53140799,1983,2017,35,month,7
Lillsjön,2009,2009,7,1,58.45955179,eutrophic,62.76,15.229,Sweden,Water Information System Sweden (VISS),"chla', 'Depth'",Oestersund,,,,2104,GEBA,63.18333333,14.5,59.94233992,1983,2013,31,month,7
Lindöviken W.,1974,1978,19,5,34.94049942,oligotrophic,60.022,23.194,Sweden,Water Information System Sweden (VISS),"chla', 'Depth'",Jokioinen,,,,1238,GEBA,60.81666667,23.5,90.1803737,1957,2017,61,month,7
Little fish lake,1983,1985,17,3,68.90745307,eutrophic,51.367,-112.233,Canada,Alberta Environment and Parks data repository,"'lat', 'long', 'chla', 'secchi', 'TP', 'pH', 'TKN', 'NO2', 'NH4'",Hussar AGDM,6.71,29.46,4.4,3023402,Climate ID,51.1911,-112.5027,27.10722184,2005,2020,16,day,8
Littlesea lake,2004,2019,184,16,61.66994306,eutrophic,50.659,-1.962,United Kingdom,UK Environment Agency,"lat', 'long', 'chla', 'TP', 'temp'",London Weather C.,0.2,0.43,2.2,1299,GEBA,51.51666667,-0.116666667,160.663389,1958,2006,49,month,10
Loch leven,1985,2007,724,23,66.65556441,eutrophic,56.197,-3.372,United Kingdom,UK Centre for Ecology and Hydrology,"chla', 'secchi', 'TP', 'temp', 'SRP'",Mylnefield,13.26,54.11,4.1,2488,GEBA,56.45,-3.066666667,33.90678448,1988,2010,22,month,7
Long lake -boyle,1990,2005,26,16,61.36657759,eutrophic,54.431,-112.756,Canada,Alberta Environment and Parks data repository,"'lat', 'long', 'chla', 'secchi', 'TP', 'DOC', 'pH', 'TKN', 'NO2', 'NH4'",Oliver AGDM,6.31,83.38,13.2,3014921,Climate ID,53.6466,-113.3546,95.73628109,2005,2020,16,day,7
Lower mann lake,1992,1992,7,1,75.0285683,hypereutrophic,54.175,-111.519,Canada,Alberta Environment and Parks data repository,"'lat', 'long', 'chla', 'secchi', 'TP', 'DOC', 'pH', 'TKN', 'NO2', 'NH4'",Oliver AGDM,6.12,43.77,7.1,3014921,Climate ID,53.6466,-113.3546,134.1567134,2005,2020,16,day,7
Loweswater,2005,2006,24,2,52.67871647,eutrophic,54.579,-3.351,United Kingdom,UK Environment Agency,"lat', 'long', 'chla', 'TP', 'temp'",Eskdalemuir,0.5,3.49,7,1283,GEBA,55.31666667,-3.2,82.70486515,1956,2017,62,month,10
Loweswater -wq survey,2005,2019,165,15,50.38061567,eutrophic,54.584,-3.357,United Kingdom,UK Environment Agency,"lat', 'long', 'chla', 'secchi', 'TP', 'temp'",Eskdalemuir,0.5,3.49,7,1283,GEBA,55.31666667,-3.2,82.16977589,1956,2017,62,month,10
Långsjön,1996,2019,374,24,47.23081214,mesotrophic,60.598,16.276,Sweden,Water Information System Sweden (VISS),"chla', 'Depth'",Borlaenge,0.18,0.84,4.6,2099,GEBA,60.43333333,15.5,46.38653163,1988,2013,26,month,7
Malham tarn,2007,2019,141,13,47.90450078,mesotrophic,54.092,-2.163,United Kingdom,UK Environment Agency,"lat', 'long', 'chla', 'TP', 'temp'",Eskdalemuir,0.6,3.16,5.3,1283,GEBA,55.31666667,-3.2,151.8247906,1956,2017,62,month,10
Mariestadsviken  -site 2,1984,1995,72,12,44.45838401,mesotrophic,58.771,13.869,Sweden,Water Information System Sweden (VISS),"chla', 'Depth'",Karlstad,5486.23,153000,27.9,2101,GEBA,59.36666667,13.46666667,70.23101851,1983,2017,35,month,7
Martham south broad,2000,2019,252,20,59.81622632,eutrophic,52.724,1.64,United Kingdom,UK Environment Agency,"lat', 'long', 'chla', 'TP', 'temp'",Oostende / Airpt.,0.11,0.11,1,2415,GEBA,51.2,2.866666667,189.3222279,1975,2008,30,month,10
Matchayaw lake,1995,1996,14,2,62.67979847,eutrophic,53.711,-114.098,Canada,Alberta Environment and Parks data repository,"'lat', 'long', 'chla', 'secchi', 'TP', 'pH', 'TKN', 'NO2', 'NH4'",EDMONTON STONY PLAIN,1.59,6.05,3.8,301222F,ECCC,53.55,-114.11,17.98058385,1966,2006,40,day,7
May lake,1980,1980,11,1,53.83540743,eutrophic,54.725,-110.394,Canada,Environmental Data Initiative,"'lat', 'long', 'chla', 'secchi', 'DOC', 'pH', 'TKN', 'NO2', 'NO3', 'NH4'",,3.23,28.05,8.7,,,,,,,,,,7
Mcleod lake E.,1985,1995,19,11,54.10926117,eutrophic,54.294,-115.658,Canada,Alberta Environment and Parks data repository,"'lat', 'long', 'chla', 'secchi', 'TP', 'DOC', 'pH', 'TKN', 'NO2', 'NH4'",EDMONTON STONY PLAIN,3.4,25.83,7.6,301222F,ECCC,53.55,-114.11,131.1929502,1966,2006,40,day,7
Melbourne lake,2011,2012,24,2,47.71262063,mesotrophic,52.811,-1.432,United Kingdom,UK Environment Agency,"lat', 'long', 'chla', 'TP'",London Weather C.,,,,1299,GEBA,51.51666667,-0.116666667,169.8440302,1958,2006,49,month,10
Mellanfjärden,1968,1968,6,1,74.85153176,hypereutrophic,59.278,15.491,Sweden,Water Information System Sweden (VISS),"chla', 'Depth'",Norrkoepping,,,,2103,GEBA,58.58333333,16.25,50.71939982,1988,2010,23,month,7
Mere ellesmere,2012,2019,94,8,61.4329716,eutrophic,52.913,-2.885,United Kingdom,UK Environment Agency,"lat', 'long', 'chla', 'TP', 'temp'",Aberporth,0.38,1.2,3.2,1293,GEBA,52.13333333,-4.566666667,143.399353,1957,2017,61,month,10
Mere mere,2013,2019,80,7,64.77320121,eutrophic,53.331,-2.403,United Kingdom,UK Environment Agency,"lat', 'long', 'chla', 'secchi', 'TP', 'temp'",Eskdalemuir,0.12,0.33,2.7,1283,GEBA,55.31666667,-3.2,227.0398766,1956,2017,62,month,10
Mere mere -edge,2006,2019,207,14,60.05110368,eutrophic,53.33,-2.402,United Kingdom,UK Environment Agency,"lat', 'long', 'chla', 'secchi', 'TP', 'temp'",Eskdalemuir,0.12,0.33,2.7,1283,GEBA,55.31666667,-3.2,227.1793408,1956,2017,62,month,10
Mockbeggar lake,2006,2009,47,4,65.44810145,eutrophic,50.875,-1.779,United Kingdom,UK Environment Agency,"lat', 'long', 'chla', 'TP'",London Weather C.,,,,1299,GEBA,51.51666667,-0.116666667,136.362316,1958,2006,49,month,10
Moon lake,1980,2011,95,32,65.70149548,eutrophic,50.883,-100.05,Canada,Open Canada,"chla', 'Depth'",,1.85,15.47,8.3,,,,,,,,,,7
Moonshine lake,1984,2013,18,30,59.80939005,eutrophic,55.883,-119.217,Canada,Alberta Environment and Parks data repository,"'lat', 'long', 'chla', 'secchi', 'TP', 'DOC', 'pH', 'TKN', 'NO2', 'NO3', 'NH4'",,,,,,,,,,,,,,7
Moose lake -vezeau bay,1980,1981,20,2,59.69059287,eutrophic,54.277,-110.835,Canada,Alberta Environment and Parks data repository,"'lat', 'long', 'chla', 'secchi', 'DOC', 'pH', 'TKN', 'NO2', 'NO3', 'NH4'",Oliver AGDM,34.71,293.34,8.5,3014921,Climate ID,53.6466,-113.3546,179.6355226,2005,2020,16,day,7
Moose lake -whole lake,1986,1993,12,8,60.05331657,eutrophic,54.242,-110.91,Canada,Alberta Environment and Parks data repository,"'lat', 'long', 'chla', 'secchi', 'TP', 'pH', 'NO2'",Oliver AGDM,34.71,293.34,8.5,3014921,Climate ID,53.6466,-113.3546,173.6531844,2005,2020,16,day,7
Mossjön,2006,2009,33,4,47.89570666,mesotrophic,57.636,15.695,Sweden,Water Information System Sweden (VISS),"chla', 'Depth'",Norrkoepping,2.08,13.58,6.5,2103,GEBA,58.58333333,16.25,110.4414136,1988,2010,23,month,7
Murston angling lake,2007,2019,109,13,66.97223972,eutrophic,51.35,0.772,United Kingdom,UK Environment Agency,"lat', 'long', 'chla', 'TP'",London Weather C.,,,,1299,GEBA,51.51666667,-0.116666667,64.49764193,1958,2006,49,month,10
Mälaren -erikssund,1967,1995,178,29,46.00406881,mesotrophic,59.638,17.62,Sweden,Water Information System Sweden (VISS),"chla', 'Depth'",Stockholm,1083.13,14000,12.9,1414,GEBA,59.35,17.95,37.08527056,1922,2017,96,month,7
Nakamun lake,1983,2018,149,36,66.30721825,eutrophic,53.883,-114.2,Canada,Alberta Environment and Parks data repository,"'lat', 'long', 'chla', 'secchi', 'TP', 'DOC', 'pH', 'TKN', 'NO2', 'NO3', 'NH4'",EDMONTON STONY PLAIN,3.22,15.57,4.8,301222F,ECCC,53.55,-114.11,37.57233035,1966,2006,40,day,7
Nook lake,2007,2009,33,3,61.20942436,eutrophic,50.927,0.744,United Kingdom,UK Environment Agency,"lat', 'long', 'chla', 'TP', 'temp'",London Weather C.,0.17,0.22,1.3,1299,GEBA,51.51666667,-0.116666667,88.99168338,1958,2006,49,month,10
Nordmyrasjön,2019,2019,6,1,58.55597536,eutrophic,60.163,16.868,Sweden,Water Information System Sweden (VISS),"chla', 'Depth'",Stockholm,0.68,2.61,3.8,1414,GEBA,59.35,17.95,109.1152739,1922,2017,96,month,7
NorraVänern -ölmeviken,1990,1995,30,6,51.06775229,eutrophic,59.335,13.99,Sweden,Water Information System Sweden (VISS),"chla', 'Depth'",Karlstad,5486.23,153000,27.9,2101,GEBA,59.36666667,13.46666667,29.96702825,1983,2017,35,month,7
North buck lake,1986,1997,12,12,54.63025505,eutrophic,54.684,-112.566,Canada,Alberta Environment and Parks data repository,"'lat', 'long', 'chla', 'secchi', 'TP', 'DOC', 'pH', 'TKN', 'NO2', 'NH4'",Oliver AGDM,20.51,182.7,8.9,3014921,Climate ID,53.6466,-113.3546,126.457924,2005,2020,16,day,7
North point lake,2007,2009,34,3,73.1250321,hypereutrophic,50.945,0.756,United Kingdom,UK Environment Agency,"lat', 'long', 'chla', 'TP', 'temp'",London Weather C.,0.22,0.33,1.5,1299,GEBA,51.51666667,-0.116666667,88.08449003,1958,2006,49,month,10
Nässjön,2005,2010,47,6,53.29010477,eutrophic,57.636,15.695,Sweden,Water Information System Sweden (VISS),"chla', 'Depth'",Norrkoepping,2.08,13.58,6.5,2103,GEBA,58.58333333,16.25,110.4420461,1988,2010,23,month,7
Oak mere,2005,2006,36,2,66.16212114,eutrophic,53.205,-2.639,United Kingdom,UK Environment Agency,"lat', 'long', 'chla', 'TP', 'temp'",Eskdalemuir,0.15,0.37,2.4,1283,GEBA,55.31666667,-3.2,237.9071941,1956,2017,62,month,10
Oak mere -intersection,2005,2019,124,15,66.30535115,eutrophic,53.202,-2.636,United Kingdom,UK Environment Agency,"lat', 'long', 'chla', 'TP', 'temp'",Eskdalemuir,0.15,0.37,2.4,1283,GEBA,55.31666667,-3.2,238.1871269,1956,2017,62,month,10
Octopus lake,2006,2017,137,12,62.4192692,eutrophic,50.617,-99.924,Canada,UK Environment Agency,"chla', 'Depth'",,1.48,4.08,2.7,,,,,,,,,,7
Oneida lake,1975,2017,1381,43,48.77346452,mesotrophic,43.205,-75.923,United States of America,Knowledge Network for Biocomplexity (KNB),"chla', 'secchi', 'TP', 'temp', 'SRP', 'TDN'",,206.85,2296.12,11.1,,,,,,,,,,7
Oppmannasjön,1997,2018,96,22,57.61145877,eutrophic,56.083,14.346,Sweden,Water Information System Sweden (VISS),"chla', 'Depth'",Vaexjoe / Kronoberg,12.31,99.67,8.1,2106,GEBA,56.93333333,14.73333333,97.61940981,1983,2017,35,month,7
Oppmannasjön -arkelstorpsviken,2001,2018,84,18,67.93686878,eutrophic,56.161,14.279,Sweden,Water Information System Sweden (VISS),"chla', 'Depth'",Vaexjoe / Kronoberg,,,,2106,GEBA,56.93333333,14.73333333,90.44073143,1983,2017,35,month,7
Ormesby broad,2000,2019,284,20,62.15939412,eutrophic,52.682,1.647,United Kingdom,UK Environment Agency,"lat', 'long', 'chla', 'TP', 'temp'",Oostende / Airpt.,0.43,0.85,2,2415,GEBA,51.2,2.866666667,184.9926161,1975,2008,30,month,10
Ormesby little broad,2000,2019,286,20,63.94044553,eutrophic,52.669,1.641,United Kingdom,UK Environment Agency,"lat', 'long', 'chla', 'TP', 'temp'",Oostende / Airpt.,0.22,0.41,1.9,2415,GEBA,51.2,2.866666667,183.8529117,1975,2008,30,month,10
Pakowki lake -central,1996,1998,26,3,80.20537554,hypereutrophic,49.346,-110.928,Canada,Alberta Environment and Parks data repository,"'lat', 'long', 'chla', 'secchi', 'TP', 'DOC', 'pH', 'TKN', 'NO2', 'NH4'",Seven Persons IMCIN,,,,3035845,Climate ID,49.9183,-110.9149,63.67803571,2005,2020,16,day,8
Pakowki lake W.,1996,1997,19,2,69.24483649,eutrophic,49.375,-111.063,Canada,Alberta Environment and Parks data repository,"'lat', 'long', 'chla', 'secchi', 'TP', 'DOC', 'TKN', 'NH4'",Bow Island,14.26,23.05,1.6,3030768,Climate ID,49.7333,-111.45,48.72545875,2005,2020,16,day,8
Paul Lake,1984,2016,487,33,44.30111755,mesotrophic,46.25,-89.5,United States of America,Environmental Data Initiative,"chla', 'Depth', 'DIC'",,,,,,,,,,,,,,7
Peter Lake,1984,2016,483,33,53.15246391,eutrophic,46.25,-89.5,United States of America,Environmental Data Initiative,"chla', 'Depth', 'DIC'",,,,,,,,,,,,,,7
Pigeon lake,1984,2013,42,30,58.9480567,eutrophic,53,-114.017,Canada,Alberta Environment and Parks data repository,"'lat', 'long', 'chla', 'secchi', 'TP', 'pH', 'TKN', 'NO2', 'NO3', 'NH4'",EDMONTON STONY PLAIN,97.41,978.26,10,301222F,ECCC,53.55,-114.11,61.5261025,1966,2006,40,day,7
Pine lake,2005,2005,6,1,59.61318351,eutrophic,52.103,-113.454,Canada,Alberta Environment and Parks data repository,"'lat', 'long', 'chla', 'secchi', 'TP', 'DOC', 'pH', 'TKN', 'NO2', 'NH4'",Three Hills AGCM,3.97,33.85,8.5,3026479,Climate ID,51.7673,-113.2058,41.10611987,2005,2020,16,day,8
Pine lake -middle,1989,2007,108,19,61.9425825,eutrophic,52.068,-113.41,Canada,Alberta Environment and Parks data repository,"'lat', 'long', 'chla', 'secchi', 'TP', 'DOC', 'pH', 'TKN', 'NO2', 'NH4'",Three Hills AGCM,3.97,33.85,8.5,3026479,Climate ID,51.7673,-113.2058,36.31420783,2005,2020,16,day,8
Pine lake -north,1989,2007,107,19,61.28397028,eutrophic,52.068,-113.41,Canada,Alberta Environment and Parks data repository,"'lat', 'long', 'chla', 'secchi', 'TP', 'DOC', 'pH', 'TKN', 'NO2', 'NH4'",Three Hills AGCM,3.97,33.85,8.5,3026479,Climate ID,51.7673,-113.2058,36.31420783,2005,2020,16,day,8
Pine lake -south,1989,2007,101,19,61.99364075,eutrophic,52.068,-113.41,Canada,Alberta Environment and Parks data repository,"'lat', 'long', 'chla', 'secchi', 'TP', 'DOC', 'pH', 'TKN', 'NO2', 'NH4'",Three Hills AGCM,3.97,33.85,8.5,3026479,Climate ID,51.7673,-113.2058,36.31420783,2005,2020,16,day,8
Primrose lake -north basin,1980,1981,14,2,61.45319063,eutrophic,54.901,-109.634,Canada,Alberta Environment and Parks data repository,"'lat', 'long', 'chla', 'secchi', 'TP', 'DOC', 'pH', 'TKN', 'NO2', 'NO3', 'NH4'",,436.35,4275.35,9.8,,,,,,,,,,7
Prästfjärden,1967,2019,252,53,47.25728287,mesotrophic,59.427,17.427,Sweden,Water Information System Sweden (VISS),"chla', 'Depth'",Stockholm,1083.13,14000,12.9,1414,GEBA,59.35,17.95,30.95514525,1922,2017,96,month,7
Ranworth broad,2000,2019,232,20,71.21743246,hypereutrophic,52.685,1.483,United Kingdom,UK Environment Agency,"lat', 'long', 'chla', 'TP', 'temp'",London Weather C.,0.19,0.44,2.3,1299,GEBA,51.51666667,-0.116666667,170.0391363,1958,2006,49,month,10
Red tarn -stillwater,2007,2009,34,3,38.94860804,oligotrophic,54.53,-3.006,United Kingdom,UK Environment Agency,"lat', 'long', 'chla', 'TP', 'temp'",Eskdalemuir,,,,1283,GEBA,55.31666667,-3.2,88.49641818,1956,2017,62,month,7
Ridöfjärden,1967,1968,12,2,56.90093318,eutrophic,59.52,16.613,Sweden,Water Information System Sweden (VISS),"chla', 'Depth'",Norrkoepping,1083.13,14000,12.9,2103,GEBA,58.58333333,16.25,106.3864354,1988,2010,23,month,7
Rockford lake,2014,2015,24,2,52.93999207,eutrophic,50.873,-1.78,United Kingdom,UK Environment Agency,"lat', 'long', 'chla', 'TP'",London Weather C.,0.48,1.01,2.1,1299,GEBA,51.51666667,-0.116666667,136.5113259,1958,2006,49,month,10
Rockland broad,2000,2000,10,1,55.20320456,eutrophic,52.593,1.442,United Kingdom,UK Environment Agency,"lat', 'long', 'chla', 'TP', 'temp'",London Weather C.,,,,1299,GEBA,51.51666667,-0.116666667,160.4960574,1958,2006,49,month,10
Rollesby broad,2000,2019,306,20,62.43096576,eutrophic,52.678,1.641,United Kingdom,UK Environment Agency,"lat', 'long', 'chla', 'TP', 'temp'",Oostende / Airpt.,0.43,0.85,2,2415,GEBA,51.2,2.866666667,184.7642492,1975,2008,30,month,10
Rostherne mere,2005,2007,35,3,64.97233236,eutrophic,53.352,-2.38,United Kingdom,UK Environment Agency,"lat', 'long', 'chla', 'TP', 'temp'",Eskdalemuir,0.45,1.96,4.4,1283,GEBA,55.31666667,-3.2,225.1134487,1956,2017,62,month,10
Rostherne mere -outlet,2008,2011,47,4,58.50407005,eutrophic,53.353,-2.372,United Kingdom,UK Environment Agency,"lat', 'long', 'chla', 'TP', 'temp'",Eskdalemuir,,,,1283,GEBA,55.31666667,-3.2,225.1606639,1956,2017,62,month,10
Rothay,2012,2013,18,2,45.59191528,mesotrophic,54.447,-2.984,United Kingdom,UK Environment Agency,"lat', 'long', 'chla', 'TP'",Eskdalemuir,,,,1283,GEBA,55.31666667,-3.2,97.78950475,1956,2017,62,month,10
Roxen -centrala delen,1994,2017,84,24,54.07823344,eutrophic,58.514,15.64,Sweden,Water Information System Sweden (VISS),"chla', 'Depth'",Norrkoepping,94.55,1234.96,13.1,2103,GEBA,58.58333333,16.25,36.37249113,1988,2010,23,month,7
Roxen S.,1994,2008,36,15,55.51958852,eutrophic,58.458,15.62,Sweden,Water Information System Sweden (VISS),"chla', 'Depth'",Norrkoepping,94.55,1234.96,13.1,2103,GEBA,58.58333333,16.25,39.26732571,1988,2010,23,month,7
Rutland water -hambleton south,2005,2019,168,15,56.36719051,eutrophic,52.66,-0.682,United Kingdom,UK Environment Agency,"lat', 'long', 'chla', 'TP', 'temp'",London Weather C.,11.3,124,11,1299,GEBA,51.51666667,-0.116666667,132.9687981,1958,2006,49,month,10
Rutland water -north buoy,2003,2014,153,12,52.55869007,eutrophic,52.666,-0.672,United Kingdom,UK Environment Agency,"lat', 'long', 'chla', 'TP', 'temp'",London Weather C.,11.3,124,11,1299,GEBA,51.51666667,-0.116666667,133.4464145,1958,2006,49,month,10
Rutland water -south buoy,2003,2014,151,12,53.60118543,eutrophic,52.648,-0.659,United Kingdom,UK Environment Agency,"lat', 'long', 'chla', 'TP', 'temp'",London Weather C.,11.3,124,11,1299,GEBA,51.51666667,-0.116666667,131.2378146,1958,2006,49,month,10
Rutland water -tower,2003,2014,152,12,51.78578155,eutrophic,52.656,-0.624,United Kingdom,UK Environment Agency,"lat', 'long', 'chla', 'TP', 'temp'",London Weather C.,11.3,124,11,1299,GEBA,51.51666667,-0.116666667,131.4573653,1958,2006,49,month,10
Salen,2015,2016,12,2,60.54431493,eutrophic,56.865,14.556,Sweden,Water Information System Sweden (VISS),"chla', 'Depth'",Vaexjoe / Kronoberg,17.99,93.53,5.2,2106,GEBA,56.93333333,14.73333333,13.24900938,1983,2017,35,month,7
Salen -längst norrut,2015,2016,12,2,57.63941213,eutrophic,56.892,14.558,Sweden,Water Information System Sweden (VISS),"chla', 'Depth'",Vaexjoe / Kronoberg,17.99,93.53,5.2,2106,GEBA,56.93333333,14.73333333,11.59836666,1983,2017,35,month,7
Sandy lake -north basin,1988,1993,26,6,78.80672919,hypereutrophic,53.809,-114.049,Canada,Alberta Environment and Parks data repository,"'lat', 'long', 'chla', 'secchi', 'TP', 'DOC', 'pH', 'TKN', 'NO2', 'NH4'",EDMONTON STONY PLAIN,2.38,11.35,4.8,301222F,ECCC,53.55,-114.11,29.1589625,1966,2006,40,day,7
Sandy lake -south basin,1988,1993,25,6,73.453847,hypereutrophic,53.772,-114.03,Canada,Alberta Environment and Parks data repository,"'lat', 'long', 'chla', 'secchi', 'TP', 'DOC', 'pH', 'TKN', 'NO2', 'NH4'",EDMONTON STONY PLAIN,9.28,71.14,7.7,301222F,ECCC,53.55,-114.11,25.2957691,1966,2006,40,day,7
Saskatoon lake,1986,1986,6,1,66.21996752,eutrophic,55.217,-119.088,Canada,Alberta Environment and Parks data repository,"'lat', 'long', 'chla', 'secchi', 'TP', 'pH'",,8.23,49.52,6,,,,,,,,,,7
Semer water,2013,2019,79,7,49.17161537,mesotrophic,54.283,-2.122,United Kingdom,UK Environment Agency,"lat', 'long', 'chla', 'TP', 'temp'",Eskdalemuir,0.3,1.49,4.9,1283,GEBA,55.31666667,-3.2,134.3614561,1956,2017,62,month,10
Shearwater lake outflow,2004,2019,105,16,72.50205207,hypereutrophic,51.18,-2.212,United Kingdom,UK Environment Agency,"lat', 'long', 'chla', 'TP', 'temp'",London Weather C.,,,,1299,GEBA,51.51666667,-0.116666667,150.6983178,1958,2006,49,month,10
Sherborne lake,2015,2016,24,2,69.99556067,eutrophic,50.948,-2.503,United Kingdom,UK Environment Agency,"lat', 'long', 'chla', 'TP'",Aberporth,,,,1293,GEBA,52.13333333,-4.566666667,194.6534369,1957,2017,61,month,10
Shorncliffe lake,1992,1992,14,1,52.27086913,eutrophic,52.469,-110.868,Canada,Alberta Environment and Parks data repository,"'lat', 'long', 'chla', 'secchi', 'TP', 'pH', 'NO2'",Rosemary IMCIN,2.35,5.69,2.4,3035650,Climate ID,50.8344,-112.0573,199.6778991,2005,2020,16,day,8
Sigtunafjärden,1966,1966,6,1,55.87469745,eutrophic,59.612,17.721,Sweden,Water Information System Sweden (VISS),"chla', 'Depth'",Stockholm,1083.13,14000,12.9,1414,GEBA,59.35,17.95,31.97999485,1922,2017,96,month,7
Silverwings lake -wraysbury,2007,2007,10,1,53.64828774,eutrophic,51.45,-0.549,United Kingdom,UK Environment Agency,"lat', 'long', 'chla', 'TP', 'temp'",London Weather C.,0.32,0.46,1.4,1299,GEBA,51.51666667,-0.116666667,30.96651396,1958,2006,49,month,10
Skarven,1967,2019,275,53,56.71287933,eutrophic,59.554,17.807,Sweden,Water Information System Sweden (VISS),"chla', 'Depth'",Stockholm,1083.13,14000,12.9,1414,GEBA,59.35,17.95,24.08584098,1922,2017,96,month,7
Skeleton lake -south basin,1985,1986,13,2,59.56405972,eutrophic,54.615,-112.728,Canada,Alberta Environment and Parks data repository,"'lat', 'long', 'chla', 'TP', 'DOC', 'pH', 'TKN', 'NO2', 'NH4'",Oliver AGDM,8.68,82.71,9.5,3014921,Climate ID,53.6466,-113.3546,115.2787603,2005,2020,16,day,7
Skelsmergh tarn,2016,2016,12,1,58.43700713,eutrophic,54.363,-2.719,United Kingdom,UK Environment Agency,"lat', 'long', 'chla', 'TP'",Eskdalemuir,,,,1283,GEBA,55.31666667,-3.2,110.5529166,1956,2017,62,month,10
Skifsen,2007,2019,69,13,42.44503574,mesotrophic,60.076,14.412,Sweden,Water Information System Sweden (VISS),"chla', 'Depth'",Borlaenge,,,,2099,GEBA,60.43333333,15.5,72.18285971,1988,2013,26,month,7
Slapton ley,2015,2019,59,5,65.74475553,eutrophic,50.285,-3.651,United Kingdom,UK Environment Agency,"lat', 'long', 'chla', 'TP'",Camborne,0.51,2.42,4.8,1303,GEBA,50.21666667,-5.316666667,119.0247149,1964,2017,37,month,10
Smoke lake -composite,1983,1983,7,1,62.18837687,eutrophic,54.367,-116.933,Canada,Alberta Environment and Parks data repository,"'lat', 'long', 'chla', 'TP', 'DOC', 'pH', 'TKN', 'NO2', 'NH4'",EDMONTON STONY PLAIN,9.11,73.46,8.1,301222F,ECCC,53.55,-114.11,206.3982075,1966,2006,40,day,7
Snails lake,2006,2010,54,5,56.05809286,eutrophic,50.863,-1.787,United Kingdom,UK Environment Agency,"lat', 'long', 'chla', 'TP'",London Weather C.,,,,1299,GEBA,51.51666667,-0.116666667,137.5496775,1958,2006,49,month,10
Sonning eye lake,2008,2009,24,2,50.52835108,eutrophic,51.477,-0.923,United Kingdom,UK Environment Agency,"lat', 'long', 'chla', 'TP', 'temp'",London Weather C.,2.24,3.8,1.7,1299,GEBA,51.51666667,-0.116666667,56.15768161,1958,2006,49,month,10
South lake,2006,2017,93,12,57.18905798,eutrophic,50.646,-100.011,Canada,Open Canada,"chla', 'Depth'",,31.13,388.24,12.5,,,,,,,,,,7
South walsham broad,2000,2019,228,20,75.87580187,hypereutrophic,52.672,1.508,United Kingdom,UK Environment Agency,"lat', 'long', 'chla', 'TP', 'temp'",London Weather C.,,,,1299,GEBA,51.51666667,-0.116666667,170.0592324,1958,2006,49,month,10
South walsham broad -edge,2006,2006,6,1,80.56266548,hypereutrophic,52.672,1.507,United Kingdom,UK Environment Agency,"lat', 'long', 'chla', 'TP', 'temp'",London Weather C.,,,,1299,GEBA,51.51666667,-0.116666667,170.0070036,1958,2006,49,month,10
Sparkling lake,1981,2018,644,38,40.14393783,mesotrophic,46.008,-89.701,United States of America,North Temperate Lakes LTER,"chla', 'Depth'",Madison,0.56,2.47,4.4,480,GEBA,43.13333333,-89.33333333,320.7738765,1950,2006,48,month,7
St Skärsjön,1996,2019,146,24,44.54611021,mesotrophic,57.168,14.509,Sweden,Water Information System Sweden (VISS),"chla', 'Depth'",Vaexjoe / Kronoberg,0.27,1.08,4,2106,GEBA,56.93333333,14.73333333,29.43906944,1983,2017,35,month,7
St. Aspen,1980,1980,6,1,54.28287313,eutrophic,59.142,16.136,Sweden,Water Information System Sweden (VISS),"chla', 'Depth'",Norrkoepping,1.32,6.06,4.6,2103,GEBA,58.58333333,16.25,62.62327847,1988,2010,23,month,7
Stanborough sailing lake,2004,2006,36,3,75.68885471,hypereutrophic,51.783,-0.218,United Kingdom,UK Environment Agency,"lat', 'long', 'chla', 'TP', 'temp'",London Weather C.,,,,1299,GEBA,51.51666667,-0.116666667,30.48351252,1958,2006,49,month,10
Steele (cross) lake,1993,2005,12,13,68.39600376,eutrophic,54.65,-113.767,Canada,Alberta Environment and Parks data repository,"'lat', 'long', 'chla', 'secchi', 'TP', 'pH', 'NO2'",Oliver AGDM,7.18,33.75,4.7,3014921,Climate ID,53.6466,-113.3546,114.8854752,2005,2020,16,day,7
Stengårdshultasjön,1996,2010,117,15,42.46115235,mesotrophic,57.558,13.802,Sweden,Water Information System Sweden (VISS),"chla', 'Depth'",Vaexjoe / Kronoberg,4.73,36.42,7.7,2106,GEBA,56.93333333,14.73333333,89.42416631,1983,2017,35,month,7
Stensjön,1996,2019,305,24,42.83615916,mesotrophic,59.174,18.324,Sweden,Water Information System Sweden (VISS),"chla', 'Depth'",Stockholm,,,,1414,GEBA,59.35,17.95,28.95582166,1922,2017,96,month,7
Stewartby lake,2007,2019,104,13,53.71967264,eutrophic,52.072,-0.526,United Kingdom,UK Environment Agency,"lat', 'long', 'chla', 'TP'",London Weather C.,0.66,1.68,2.6,1299,GEBA,51.51666667,-0.116666667,67.94804666,1958,2006,49,month,10
Stockholm,1968,1968,6,1,58.79447133,eutrophic,59.303,18.077,Sweden,Water Information System Sweden (VISS),"chla', 'Depth'",Stockholm,1083.13,14000,12.9,1414,GEBA,59.35,17.95,8.891571198,1922,2017,96,month,7
Storhjälmaren,1968,1995,132,28,53.10797578,eutrophic,59.215,15.735,Sweden,Water Information System Sweden (VISS),"chla', 'Depth'",Norrkoepping,474.39,8077.22,17,2103,GEBA,58.58333333,16.25,76.37443513,1988,2010,23,month,7
Storsjön,1997,2010,55,14,48.33346311,mesotrophic,61.643,15.791,Sweden,Water Information System Sweden (VISS),"chla', 'Depth'",Borlaenge,1.88,14.59,7.8,2099,GEBA,60.43333333,15.5,135.6933181,1988,2013,26,month,7
Strängnäsbron,1980,2000,242,21,52.589255,eutrophic,59.384,17.019,Sweden,Water Information System Sweden (VISS),"chla', 'Depth'",Stockholm,1083.13,14000,12.9,1414,GEBA,59.35,17.95,53.09910603,1922,2017,96,month,7
Sturgeon lake -main basin,1984,1985,14,2,65.346961,eutrophic,55.103,-117.538,Canada,Alberta Environment and Parks data repository,"'lat', 'long', 'chla', 'secchi', 'TP', 'DOC', 'pH', 'TKN', 'NO2', 'NH4'",,47.57,474.96,10,,,,,,,,,,7
Sturgeon lake -west arm,1984,1985,13,2,66.717856,eutrophic,55.109,-117.529,Canada,Alberta Environment and Parks data repository,"lat', 'long', 'chla', 'secchi', 'TP', 'DOC', 'pH', 'TKN', 'NO2', 'NH4'",,47.57,474.96,10,,,,,,,,,,7
Stäket,1966,1966,6,1,51.38014564,eutrophic,59.895,18.909,Sweden,Water Information System Sweden (VISS),"chla', 'Depth'",Stockholm,,,,1414,GEBA,59.35,17.95,81.30350982,1922,2017,96,month,7
Stäketbron,1980,2000,232,21,51.2540787,eutrophic,57.905,16.415,Sweden,Water Information System Sweden (VISS),"chla', 'Depth'",Norrkoepping,,,,2103,GEBA,58.58333333,16.25,76.15089333,1988,2010,23,month,7
Sunbiggin tarn,2005,2006,17,2,58.97472324,eutrophic,54.464,-2.501,United Kingdom,UK Environment Agency,"lat', 'long', 'chla', 'TP', 'temp'",Eskdalemuir,,,,1283,GEBA,55.31666667,-3.2,105.0092398,1956,2017,62,month,7
Svinnegarnsviken,1966,2019,255,54,58.4840188,eutrophic,59.568,17.071,Sweden,Water Information System Sweden (VISS),"chla', 'Depth'",Stockholm,1083.13,14000,12.9,1414,GEBA,59.35,17.95,55.48082242,1922,2017,96,month,7
Sätoftasjön,1975,2019,381,45,65.04416327,eutrophic,55.891,13.552,Sweden,Water Information System Sweden (VISS),"chla', 'Depth'",Lund,24.63,131.65,5.3,2102,GEBA,55.71666667,13.21666667,28.59948209,1988,2017,30,month,7
Tabley mere,2005,2019,99,15,67.88985845,eutrophic,53.291,-2.418,Sweden,UK Environment Agency,"lat', 'long', 'chla', 'TP', 'temp'",Eskdalemuir,,,,1283,GEBA,55.31666667,-3.2,231.1684661,1956,2017,62,month,10
Taihu,1992,2018,309,27,67.97317403,eutrophic,31.271,120.219,China,,"chla', 'TP', 'TN'",,2329.14,5140,2.2,,,,,,,,,,11
Talkin tarn,2005,2006,23,2,58.51773194,eutrophic,54.925,-2.711,United Kingdom,UK Environment Agency,"lat', 'long', 'chla', 'TP', 'temp'",Eskdalemuir,0.26,0.87,3.3,1283,GEBA,55.31666667,-3.2,53.63403108,1956,2017,62,month,7
Tallington lakes,2007,2009,33,3,51.47087256,eutrophic,52.672,-0.366,United Kingdom,UK Environment Agency,"lat', 'long', 'chla', 'TP', 'temp'",London Weather C.,0.96,1.59,1.7,1299,GEBA,51.51666667,-0.116666667,129.7353012,1958,2006,49,month,10
Tatton mere -wfd,2005,2019,177,15,61.73539983,eutrophic,53.323,-2.369,United Kingdom,UK Environment Agency,"lat', 'long', 'chla', 'TP', 'temp'",Eskdalemuir,0.32,1.22,3.9,1283,GEBA,55.31666667,-3.2,228.446336,1956,2017,62,month,10
Techill mere,2004,2008,50,5,65.68002919,eutrophic,52.91,-2.889,United Kingdom,UK Environment Agency,"lat', 'long', 'chla', 'TP', 'temp'",Aberporth,0.38,1.2,3.2,1293,GEBA,52.13333333,-4.566666667,142.94296,1957,2017,61,month,10
Thirlmere -stillwater,2005,2010,46,6,40.62794195,mesotrophic,54.561,-3.068,United Kingdom,UK Environment Agency,"lat', 'long', 'chla', 'TP', 'temp'",Eskdalemuir,2.91,40.7,14,1283,GEBA,55.31666667,-3.2,84.50219873,1956,2017,62,month,10
Thompson water,2007,2019,151,13,60.24161205,eutrophic,52.517,0.819,United Kingdom,UK Environment Agency,"lat', 'long', 'chla', 'TP', 'temp'",London Weather C.,,,,1299,GEBA,51.51666667,-0.116666667,128.5435057,1958,2006,49,month,10
Thompson water -control 1B,2018,2019,19,2,72.881313,hypereutrophic,52.52,0.822,United Kingdom,UK Environment Agency,"lat', 'long', 'chla', 'TP', 'temp'",London Weather C.,,,,1299,GEBA,51.51666667,-0.116666667,128.8524951,1958,2006,49,month,10
Thompson water -control 2A,2017,2017,6,1,51.74673697,eutrophic,52.518,0.821,United Kingdom,UK Environment Agency,"lat', 'long', 'chla', 'TP'",London Weather C.,,,,1299,GEBA,51.51666667,-0.116666667,128.6811701,1958,2006,49,month,10
Thompson water -control 2B,2018,2019,19,2,72.98205666,hypereutrophic,52.519,0.822,United Kingdom,UK Environment Agency,"lat', 'long', 'chla', 'TP', 'temp'",London Weather C.,,,,1299,GEBA,51.51666667,-0.116666667,128.8466265,1958,2006,49,month,10
Thompson water -control 3,2017,2019,28,3,58.53094207,eutrophic,52.518,0.821,United Kingdom,UK Environment Agency,"lat', 'long', 'chla', 'TP', 'temp'",London Weather C.,,,,1299,GEBA,51.51666667,-0.116666667,128.7002591,1958,2006,49,month,10
Thompson water -impact 1,2017,2019,28,3,65.18947403,eutrophic,52.517,0.819,United Kingdom,UK Environment Agency,"lat', 'long', 'chla', 'TP', 'temp'",London Weather C.,,,,1299,GEBA,51.51666667,-0.116666667,128.5419858,1958,2006,49,month,10
Thompson water -impact 2,2017,2019,29,3,62.34087691,eutrophic,52.517,0.82,United Kingdom,UK Environment Agency,"lat', 'long', 'chla', 'TP', 'temp'",London Weather C.,,,,1299,GEBA,51.51666667,-0.116666667,128.5263129,1958,2006,49,month,10
Thompson water -impact 3,2017,2019,29,3,63.18569409,eutrophic,52.517,0.82,United Kingdom,UK Environment Agency,"lat', 'long', 'chla', 'TP', 'temp'",London Weather C.,,,,1299,GEBA,51.51666667,-0.116666667,128.5165344,1958,2006,49,month,10
Thrapston lake,2007,2019,149,13,62.25037428,eutrophic,52.402,-0.542,United Kingdom,UK Environment Agency,"lat', 'long', 'chla', 'TP', 'temp'",London Weather C.,0.45,1.21,2.7,1299,GEBA,51.51666667,-0.116666667,102.7161853,1958,2006,49,month,10
Thunder lake,1986,1994,42,9,67.71652811,eutrophic,54.15,-114.75,Canada,Alberta Environment and Parks data repository,"lat', 'long', 'chla', 'secchi', 'TP', 'DOC', 'pH', 'TKN', 'NO2', 'NH4'",EDMONTON STONY PLAIN,,,,301222F,ECCC,53.55,-114.11,78.95349615,1966,2006,40,day,7
Tindale tarn,2011,2019,102,9,46.76297818,mesotrophic,54.923,-2.611,United Kingdom,UK Environment Agency,"lat', 'long', 'chla', 'TP', 'temp'",Eskdalemuir,0.22,1.09,5,1283,GEBA,55.31666667,-3.2,57.72680721,1956,2017,62,month,7
Trehörningen,2000,2018,103,19,50.39409679,eutrophic,59.531,18.355,Sweden,Water Information System Sweden (VISS),"chla', 'Depth'",Stockholm,,,,1414,GEBA,59.35,17.95,30.56914563,1922,2017,96,month,7
Trout bog,1981,2018,640,38,66.68889367,eutrophic,46.041,-89.686,United States of America,North Temperate Lakes LTER,"chla', 'Depth'",Madison,,,,480,GEBA,43.13333333,-89.33333333,324.3211268,1950,2006,48,month,7
Trout lake,1981,2018,644,38,41.10999182,mesotrophic,46.029,-89.665,United States of America,North Temperate Lakes LTER,"chla', 'Depth'",Madison,15.24,167.73,11,480,GEBA,43.13333333,-89.33333333,322.8523282,1950,2006,48,month,7
Trummen mitt,2001,2019,72,19,60.22837403,eutrophic,56.861,14.827,Sweden,Water Information System Sweden (VISS),"chla', 'Depth'",Vaexjoe / Kronoberg,0.77,2.6,3.4,2106,GEBA,56.93333333,14.73333333,9.83677271,1983,2017,35,month,7
Tryssjön,1996,2010,117,15,34.88574797,oligotrophic,60.435,15.083,Sweden,Water Information System Sweden (VISS),"chla', 'Depth'",Borlaenge,0.28,1.58,5.6,2099,GEBA,60.43333333,15.5,22.94353151,1988,2013,26,month,7
Tucker lake,1980,1982,37,3,60.17849756,eutrophic,54.536,-110.631,Canada,Alberta Environment and Parks data repository,"lat', 'long', 'chla', 'secchi', 'TP', 'DOC', 'pH', 'TKN', 'NO2', 'NO3', 'NH4'",Oliver AGDM,6.58,63.79,9.7,3014921,Climate ID,53.6466,-113.3546,203.8721031,2005,2020,16,day,7
Tuesday lake,1984,2016,278,33,51.30291028,eutrophic,49.113,-89.484,Canada,Environmental Data Initiative,"chla', 'Depth', 'DIC'",,0.16,0.46,2.9,,,,,,,,,,7
Turnershill marsh,2007,2019,152,13,64.6642592,eutrophic,51.706,-0.017,United Kingdom,UK Environment Agency,"lat', 'long', 'chla', 'TP'",London Weather C.,,,,1299,GEBA,51.51666667,-0.116666667,22.20593698,1958,2006,49,month,10
Turnford marsh lake,2006,2009,48,4,50.82196542,eutrophic,51.719,-0.019,United Kingdom,UK Environment Agency,"lat', 'long', 'chla', 'TP'",London Weather C.,,,,1299,GEBA,51.51666667,-0.116666667,23.51418786,1958,2006,49,month,10
Tåkern -glänås,2009,2016,36,8,62.48934186,eutrophic,58.35,14.824,Sweden,Water Information System Sweden (VISS),"chla', 'Depth'",Vaexjoe / Kronoberg,43.84,116.37,2.7,2106,GEBA,56.93333333,14.73333333,157.8474825,1983,2017,35,month,7
Törn,2001,2001,6,1,49.92021274,mesotrophic,56.564,15.539,Sweden,Water Information System Sweden (VISS),"chla', 'Depth'",Vaexjoe / Kronoberg,8.28,43.02,5.2,2106,GEBA,56.93333333,14.73333333,64.20101051,1983,2017,35,month,7
USGS-491528094470601,2010,2010,9,1,49.22708344,mesotrophic,49.258,-94.785,Canada,USGS and USEPA water quality portal,"chla', 'secchi', 'TP', 'pH', 'temp'",ELA,3472.81,37000,10.7,MET,ELA,49.664,-93.7327,88.6593381,,,33,day,8
USGS-492142094421501,2010,2010,9,1,49.59550225,mesotrophic,49.362,-94.704,Canada,USGS and USEPA water quality portal,"chla', 'secchi', 'TP', 'pH', 'temp'",ELA,3472.81,37000,10.7,MET,ELA,49.664,-93.7327,77.97336664,,,33,day,8
Ullevifjärden S.,1965,1974,38,10,54.12569924,eutrophic,59.596,17.523,Sweden,Water Information System Sweden (VISS),"chla', 'Depth'",Stockholm,4.59,69.24,15.1,1414,GEBA,59.35,17.95,36.57006272,1922,2017,96,month,7
Ullswater -south buoy,2005,2008,49,4,44.70388601,mesotrophic,54.55,-2.945,United Kingdom,UK Environment Agency,"lat', 'long', 'chla', 'secchi', 'TP', 'temp'",Eskdalemuir,8,145.28,18.2,1283,GEBA,55.31666667,-3.2,86.94430943,1956,2017,62,month,7
Ullswater -wfd,2005,2019,168,15,43.79801941,mesotrophic,54.563,-2.93,United Kingdom,UK Environment Agency,"lat', 'long', 'chla', 'secchi', 'TP', 'temp'",Eskdalemuir,8,145.28,18.2,1283,GEBA,55.31666667,-3.2,85.68067241,1956,2017,62,month,7
Ulvhällsfjärden,1966,2019,197,54,57.85579001,eutrophic,59.368,17.055,Sweden,Water Information System Sweden (VISS),"chla', 'Depth'",Stockholm,1083.13,14000,12.9,1414,GEBA,59.35,17.95,50.93772782,1922,2017,96,month,7
Upton great broad,2000,2019,214,20,51.99577257,eutrophic,52.666,1.533,United Kingdom,UK Environment Agency,"lat', 'long', 'chla', 'TP', 'temp'",Oostende / Airpt.,,,,2415,GEBA,51.2,2.866666667,187.0900236,1975,2008,30,month,10
Upton little broad,2007,2019,145,13,54.87896686,eutrophic,52.665,1.538,United Kingdom,UK Environment Agency,"lat', 'long', 'chla', 'TP', 'temp'",Oostende / Airpt.,,,,2415,GEBA,51.2,2.866666667,186.9282051,1975,2008,30,month,10
Vincent lake,1993,1993,7,1,58.60585111,eutrophic,54.115,-111.349,Canada,Alberta Environment and Parks data repository,"lat', 'long', 'chla', 'secchi', 'TP', 'DOC', 'pH', 'TKN', 'NO2', 'NH4'",Oliver AGDM,8.66,62.15,7.2,3014921,Climate ID,53.6466,-113.3546,141.8525825,2005,2020,16,day,7
Virginia water,2007,2019,144,13,56.53415749,eutrophic,51.408,-0.596,United Kingdom,UK Environment Agency,"lat', 'long', 'chla', 'TP', 'temp'",London Weather C.,0.41,1.55,3.8,1299,GEBA,51.51666667,-0.116666667,35.4539791,1958,2006,49,month,10
Västeråsfjärden N.,1966,2019,263,54,59.32775455,eutrophic,59.593,16.553,Sweden,Water Information System Sweden (VISS),"chla', 'Depth'",Norrkoepping,1083.13,14000,12.9,2103,GEBA,58.58333333,16.25,113.7779555,1988,2010,23,month,7
Västra Ringsjön,1975,2019,390,45,66.35283547,eutrophic,55.884,13.48,Sweden,Water Information System Sweden (VISS),"chla', 'Depth'",Lund,14.34,74.83,5.2,2102,GEBA,55.71666667,13.21666667,24.92393956,1988,2017,30,month,7
Växjösjön mitt,1998,2019,78,22,60.23527497,eutrophic,56.863,14.82,Sweden,Water Information System Sweden (VISS),"chla', 'Depth'",Vaexjoe / Kronoberg,0.77,2.6,3.4,2106,GEBA,56.93333333,14.73333333,9.450425483,1983,2017,35,month,7
Wabamun lake -east basin,1980,2016,81,37,53.08119882,eutrophic,53.54,-114.531,Canada,Alberta Environment and Parks data repository,"lat', 'long', 'chla', 'secchi', 'TP', 'DOC', 'pH', 'TKN', 'NO2', 'NO3', 'NH4'",EDMONTON STONY PLAIN,79.37,1006.35,12.7,301222F,ECCC,53.55,-114.11,27.9542769,1966,2006,40,day,7
Wabamun lake -main basin,1983,2012,114,30,54.80403127,eutrophic,53.54,-114.531,Canada,Alberta Environment and Parks data repository,"lat', 'long', 'chla', 'secchi', 'TP', 'DOC', 'pH', 'TKN', 'NO2', 'NO3', 'NH4'",EDMONTON STONY PLAIN,79.37,1006.35,12.7,301222F,ECCC,53.55,-114.11,27.9542769,1966,2006,40,day,7
Wabamun lake -west basin,1980,2008,62,29,55.4543099,eutrophic,53.556,-114.686,Canada,Alberta Environment and Parks data repository,"lat', 'long', 'chla', 'secchi', 'TP', 'DOC', 'pH', 'TKN', 'NO2', 'NO3', 'NH4'",EDMONTON STONY PLAIN,79.37,1006.35,12.7,301222F,ECCC,53.55,-114.11,38.206083,1966,2006,40,day,7
Wastwater -stillwater,2005,2019,174,15,33.80081571,oligotrophic,54.427,-3.319,United Kingdom,UK Environment Agency,"lat', 'long', 'chla', 'TP', 'temp'",Eskdalemuir,2.52,40.11,15.9,1283,GEBA,55.31666667,-3.2,99.36430045,1956,2017,62,month,10
Waynewood lake,1989,2019,79,31,54.50233668,eutrophic,41.396,-75.363,United States of America,Environmental data initiative,"chla', 'secchi', 'TP', 'DOC', 'NO3', 'NH4', 'temp', 'PAR', 'SRP'",Rock Springs,0.21,1,4.7,PSU,BSRN,40.72,-77.9333,228.7155613,1998,2019,22,day,7
West long lake,1989,2006,187,18,51.76312934,eutrophic,46.24,-89.5,United States of America,Environmental Data Initiative,"chla', 'Depth', 'DIC'",,0.65,2.39,3.7,,,,,,,,,,7
Westbere lakes,2007,2010,41,4,66.05280658,eutrophic,51.301,1.142,United Kingdom,UK Environment Agency,"lat', 'long', 'chla', 'TP', 'temp'",London Weather C.,0.22,0.59,2.6,1299,GEBA,51.51666667,-0.116666667,90.7719188,1958,2006,49,month,10
Westbere lakes point 1,2007,2010,41,4,66.38058724,eutrophic,51.303,1.146,United Kingdom,UK Environment Agency,"lat', 'long', 'chla', 'TP', 'temp'",London Weather C.,0.22,0.59,2.6,1299,GEBA,51.51666667,-0.116666667,91.00312182,1958,2006,49,month,10
Whirlpool lake,1980,1987,69,8,49.26391791,mesotrophic,50.715,-99.791,Canada,Open Canada,"chla', 'Depth'",,1.46,3.41,2.3,,,,,,,,,,7
White mere,2013,2019,78,7,63.62666463,eutrophic,52.893,-2.875,United Kingdom,UK Environment Agency,"lat', 'long', 'chla', 'TP'",Aberporth,0.23,0.61,2.6,1293,GEBA,52.13333333,-4.566666667,142.5982879,1957,2017,61,month,10
Winagami lake,1984,1985,12,2,65.80189275,eutrophic,55.617,-116.733,Canada,Alberta Environment and Parks data repository,"lat', 'long', 'chla', 'secchi', 'TP', 'pH', 'TKN', 'NO2'",,46.8,262.43,5.6,,,,,,,,,,7
Winderemere -south basin (wfd),2007,2019,152,13,49.07992844,mesotrophic,54.316,-2.951,United Kingdom,UK Environment Agency,"lat', 'long', 'chla', 'TP', 'temp'",Eskdalemuir,12.57,195.37,15.5,1283,GEBA,55.31666667,-3.2,112.5590161,1956,2017,62,month,10
Windermere -north basin,1964,2013,1860,50,47.43837101,mesotrophic,54.385,-2.937,United Kingdom,UK Centre for Ecology and Hydrology,"chla', 'secchi', 'TP', 'pH', 'NO3', 'NH4', 'temp'",Eskdalemuir,12.57,195.37,15.5,1283,GEBA,55.31666667,-3.2,105.0709412,1956,2017,62,month,10
Windermere -north basin (wfd),2007,2019,147,13,45.31011032,mesotrophic,54.401,-2.956,United Kingdom,UK Environment Agency,"lat', 'long', 'chla', 'TP', 'temp'",Eskdalemuir,12.57,195.37,15.5,1283,GEBA,55.31666667,-3.2,103.1612409,1956,2017,62,month,10
Windermere -south basin,1964,2013,1859,50,51.78342413,eutrophic,54.33,-2.94,United Kingdom,UK Centre for Ecology and Hydrology,"chla', 'secchi', 'TP', 'pH', 'NO3', 'NH4', 'temp'",Eskdalemuir,12.57,195.37,15.5,1283,GEBA,55.31666667,-3.2,111.0998239,1956,2017,62,month,10
Windermere -stillwater,2005,2006,23,2,49.74527615,mesotrophic,54.274,-2.955,United Kingdom,UK Environment Agency,"lat', 'long', 'chla', 'TP', 'temp'",Eskdalemuir,,,,1283,GEBA,55.31666667,-3.2,117.1690308,1956,2017,62,month,10
Wingra,1999,2018,250,20,58.85549072,eutrophic,43.053,-89.425,United States of America,North Temperate Lakes LTER,"chla', 'Depth'",Madison,1.28,3.92,3.1,480,GEBA,43.13333333,-89.33333333,11.6339588,1950,2006,48,month,8
Wroxham broad,2000,2019,224,20,67.02221835,eutrophic,52.699,1.416,United Kingdom,UK Environment Agency,"lat', 'long', 'chla', 'TP', 'temp'",London Weather C.,0.2,0.42,2.1,1299,GEBA,51.51666667,-0.116666667,168.2904934,1958,2006,49,month,10
Ymsen,1996,2009,36,14,62.07527446,eutrophic,58.667,13.968,Sweden,Water Information System Sweden (VISS),"chla', 'Depth'",Karlstad,13.09,57.4,4.4,2101,GEBA,59.36666667,13.46666667,83.09640168,1983,2017,35,month,7
lake monona,1999,2018,250,20,55.08390464,eutrophic,43.063,-89.361,United States of America,North Temperate Lakes LTER,"chla', 'Depth'",Madison,13.32,88.59,6.6,480,GEBA,43.13333333,-89.33333333,8.131814573,1950,2006,48,month,8
Älgsjön,1997,2010,112,14,56.20414061,eutrophic,59.206,17.088,Sweden,Water Information System Sweden (VISS),"chla', 'Depth'",Stockholm,0.22,0.78,3.5,1414,GEBA,59.35,17.95,51.69146648,1922,2017,96,month,7
Öljaren,2017,2018,17,2,57.77743176,eutrophic,59.159,15.954,Sweden,Water Information System Sweden (VISS),"chla', 'Depth'",Norrkoepping,17.82,137.44,7.7,2103,GEBA,58.58333333,16.25,66.33555913,1988,2010,23,month,7
Östra Ringsjön,1975,2019,394,45,63.46402669,eutrophic,55.874,13.49,Sweden,Water Information System Sweden (VISS),"chla', 'Depth'",Lund,14.34,74.83,5.2,2102,GEBA,55.71666667,13.21666667,24.47585141,1988,2017,30,month,7
Övre Skärsjön,1996,2019,152,24,38.90738096,oligotrophic,59.837,15.55,Sweden,Water Information System Sweden (VISS),"chla', 'Depth'",Borlaenge,1.68,9,5.4,2099,GEBA,60.43333333,15.5,66.51333238,1988,2013,26,month,7
